0.000491,0,0,0
8.08273,0,0,0
16.1598,-0.0320578,-0.992312,1.98639
24.2226,-0.0320578,-0.992312,1.98639
32.2802,-0.0317954,-0.992015,1.98622
40.3668,-0.0316869,-0.991906,1.98656
49.0389,-0.0315157,-0.9917,1.98632
57.1047,-0.0315417,-0.991263,1.98649
65.166,-0.0313535,-0.990846,1.98646
73.2326,-0.0313535,-0.990846,1.98646
81.2963,-0.031155,-0.990449,1.98625
89.3691,-0.0311464,-0.990149,1.98647
97.4315,-0.0308455,-0.989996,1.98664
105.49,-0.0308381,-0.989574,1.98654
113.604,-0.0308381,-0.989574,1.98654
121.666,-0.0306589,-0.989196,1.98653
129.73,-0.030579,-0.98886,1.98636
137.795,-0.0303516,-0.988624,1.98641
145.834,-0.030123,-0.988437,1.98612
153.866,-0.030123,-0.988437,1.98612
161.927,-0.0300592,-0.988001,1.98639
169.954,-0.0298159,-0.987776,1.98634
178.015,-0.0297281,-0.987574,1.9863
186.081,-0.0295882,-0.987211,1.98646
194.18,-0.0295882,-0.987211,1.98646
202.308,-0.0292194,-0.987066,1.98659
210.48,-0.0290352,-0.986779,1.98652
218.657,-0.0289642,-0.986439,1.98664
226.821,-0.0285764,-0.986176,1.98648
235.029,-0.0282512,-0.985948,1.98652
243.202,-0.0282512,-0.985948,1.98652
251.325,-0.0280069,-0.985878,1.98626
259.488,-0.02777,-0.98537,1.98643
267.915,-0.0275013,-0.9852,1.9865
276.055,-0.0271514,-0.985002,1.98621
284.218,-0.0271514,-0.985002,1.98621
292.359,-0.0269545,-0.984606,1.98643
300.509,-0.0264851,-0.984446,1.98659
308.677,-0.026273,-0.984183,1.98639
317.046,-0.0260599,-0.983751,1.98652
325.184,-0.0260599,-0.983751,1.98652
333.584,-0.025529,-0.983497,1.98637
341.75,-0.0252657,-0.983209,1.98643
350.279,-0.0251172,-0.983226,1.98609
358.443,-0.0249119,-0.983054,1.98614
366.62,-0.0244412,-0.982935,1.98642
374.758,-0.0244412,-0.982935,1.98642
383.092,-0.0241033,-0.982823,1.98627
391.198,-0.0238869,-0.982487,1.98642
399.369,-0.0233828,-0.982349,1.98655
407.457,-0.023149,-0.982101,1.98635
415.537,-0.0229692,-0.981853,1.98648
423.656,-0.0229692,-0.981853,1.98648
432.02,-0.0225715,-0.981658,1.98635
440.295,-0.0222461,-0.981456,1.9864
448.713,-0.0222853,-0.981101,1.98646
456.803,-0.0217758,-0.980923,1.98627
465.284,-0.0217758,-0.980923,1.98627
473.553,-0.0214152,-0.980751,1.98634
481.693,-0.0211268,-0.980449,1.9863
490.241,-0.0207701,-0.98034,1.98626
498.403,-0.0203497,-0.980292,1.98649
506.571,-0.0200838,-0.980042,1.98629
514.711,-0.0200838,-0.980042,1.98629
522.882,-0.0197847,-0.979868,1.9864
531.063,-0.0194056,-0.979609,1.98612
539.236,-0.0190701,-0.979475,1.98614
547.584,-0.0189479,-0.979327,1.9863
555.727,-0.018406,-0.979154,1.98612
564.113,-0.018406,-0.979154,1.98612
572.37,-0.0180432,-0.97901,1.98618
580.511,-0.0176668,-0.978785,1.98611
589.024,-0.017335,-0.978716,1.98614
597.381,-0.0169822,-0.978615,1.98623
605.532,-0.0169822,-0.978615,1.98623
613.969,-0.0165732,-0.978377,1.98615
622.057,-0.0163583,-0.978326,1.9862
630.307,-0.0156086,-0.978163,1.98617
638.489,-0.015353,-0.977951,1.98594
646.649,-0.015149,-0.977749,1.98605
654.813,-0.015149,-0.977749,1.98605
662.989,-0.014759,-0.977781,1.98594
671.083,-0.0141925,-0.977513,1.98589
679.436,-0.0141624,-0.977459,1.98615
687.776,-0.0133023,-0.97729,1.98561
695.879,-0.013014,-0.977171,1.9859
704.22,-0.013014,-0.977171,1.9859
712.382,-0.012657,-0.977179,1.98575
720.784,-0.0123522,-0.977084,1.9858
729.29,-0.0118452,-0.977085,1.98598
737.675,-0.0116603,-0.977039,1.98558
745.798,-0.0113993,-0.976928,1.98566
753.946,-0.0113993,-0.976928,1.98566
762.034,-0.0109418,-0.976917,1.98577
770.141,-0.0106896,-0.976811,1.98558
778.238,-0.010435,-0.976695,1.98572
786.324,-0.0100215,-0.976633,1.98563
794.493,-0.0100215,-0.976633,1.98563
802.627,-0.00947072,-0.976772,1.98581
810.788,-0.00951161,-0.976529,1.98586
818.956,-0.00894139,-0.976503,1.98575
827.124,-0.00858832,-0.976519,1.98575
835.256,-0.00815249,-0.976488,1.98554
843.618,-0.00815249,-0.976488,1.98554
851.94,-0.00788116,-0.97636,1.98555
860.333,-0.00763176,-0.976351,1.98553
868.754,-0.00719219,-0.976353,1.98559
877.101,-0.00685672,-0.976253,1.98586
885.492,-0.00685672,-0.976253,1.98586
893.562,-0.00622762,-0.976279,1.98577
901.73,-0.0060318,-0.976183,1.98568
910.12,-0.0058199,-0.97612,1.98585
918.211,-0.00520761,-0.976142,1.9857
926.37,-0.00481358,-0.97612,1.98577
934.959,-0.00481358,-0.97612,1.98577
943.13,-0.00470001,-0.976105,1.98602
951.44,-0.00397056,-0.976076,1.98583
959.811,-0.00363329,-0.976099,1.98594
968.31,-0.00296245,-0.976271,1.98585
976.476,-0.0027992,-0.976101,1.98603
984.572,-0.0027992,-0.976101,1.98603
992.635,-0.00244942,-0.976224,1.98588
1000.7,-0.00224357,-0.976296,1.98564
1008.76,-0.00185564,-0.976206,1.98579
1016.82,-0.00123072,-0.976296,1.98587
1024.88,-0.00123072,-0.976296,1.98587
1032.95,-0.00105131,-0.976209,1.98575
1041.01,-0.000924992,-0.97615,1.98592
1049.07,-6.9601e-06,-0.976164,1.98574
1057.2,0.00020437,-0.976111,1.98568
1065.26,0.000441914,-0.975899,1.9857
1073.32,0.000441914,-0.975899,1.9857
1081.38,0.000831292,-0.975609,1.98538
1089.44,0.00117029,-0.975281,1.98535
1097.57,0.00179678,-0.974911,1.98478
1105.64,0.00202933,-0.974277,1.98461
1113.89,0.00202933,-0.974277,1.98461
1121.94,0.00229186,-0.973897,1.9845
1130.32,0.00255854,-0.973306,1.98435
1138.46,0.00298003,-0.972411,1.98428
1146.64,0.00330928,-0.971783,1.98418
1154.95,0.00330928,-0.971783,1.98418
1163.3,0.00411832,-0.970815,1.98393
1171.66,0.0043958,-0.969789,1.98397
1179.81,0.00482074,-0.968576,1.98404
1188.13,0.00538909,-0.967499,1.98409
1196.25,0.00549571,-0.965647,1.98434
1204.68,0.00549571,-0.965647,1.98434
1212.83,0.00612031,-0.964,1.98475
1221.1,0.00630966,-0.962047,1.98511
1229.63,0.00637328,-0.959696,1.98537
1237.8,0.00715379,-0.95781,1.98567
1245.86,0.00751635,-0.955148,1.98614
1254.2,0.00751635,-0.955148,1.98614
1262.35,0.0078056,-0.952352,1.9867
1270.53,0.00834561,-0.949349,1.98733
1278.71,0.00845417,-0.94561,1.98773
1286.84,0.00874915,-0.942508,1.98825
1294.99,0.00874915,-0.942508,1.98825
1303.16,0.00935585,-0.938765,1.98865
1311.33,0.00945015,-0.934625,1.98912
1319.51,0.00957065,-0.930719,1.98985
1327.92,0.0101518,-0.925904,1.99017
1336.06,0.0105009,-0.921121,1.99071
1344.54,0.0105009,-0.921121,1.99071
1352.9,0.0108234,-0.9159,1.99128
1361.04,0.010523,-0.910871,1.99201
1369.13,0.0112672,-0.905109,1.99222
1377.29,0.0110874,-0.899654,1.99288
1385.38,0.0117541,-0.893204,1.99321
1393.54,0.0117541,-0.893204,1.99321
1401.71,0.0115386,-0.887097,1.99368
1409.86,0.0123019,-0.880225,1.99374
1418.19,0.0124684,-0.873481,1.99409
1426.35,0.0121432,-0.866667,1.99492
1434.67,0.0121432,-0.866667,1.99492
1442.84,0.0125847,-0.859763,1.99513
1450.98,0.0123577,-0.852263,1.99563
1459.16,0.0129334,-0.844475,1.99543
1467.32,0.0129466,-0.83678,1.99603
1475.46,0.0129466,-0.83678,1.99603
1483.85,0.0134243,-0.82827,1.99604
1491.95,0.0135168,-0.819961,1.99619
1500.35,0.0134488,-0.811294,1.99662
1508.51,0.0135094,-0.802882,1.99679
1516.84,0.0136116,-0.794229,1.99709
1525.01,0.0136116,-0.794229,1.99709
1533.37,0.0138758,-0.785135,1.99714
1541.52,0.0137043,-0.775804,1.99734
1550.06,0.0139856,-0.766499,1.99749
1558.28,0.0140495,-0.757161,1.99786
1566.59,0.0142447,-0.747352,1.99789
1574.69,0.0142447,-0.747352,1.99789
1582.85,0.0140782,-0.737303,1.99811
1590.99,0.0143376,-0.727354,1.9981
1599.16,0.0143123,-0.717422,1.99818
1607.3,0.0145047,-0.707135,1.99834
1615.43,0.0145047,-0.707135,1.99834
1623.57,0.014422,-0.696479,1.99854
1631.74,0.0145546,-0.686136,1.99878
1640.07,0.0144613,-0.675271,1.99895
1648.47,0.0145009,-0.664536,1.99908
1656.61,0.0145257,-0.653674,1.99897
1664.9,0.0145257,-0.653674,1.99897
1673.3,0.014385,-0.642346,1.99938
1681.47,0.0144051,-0.631333,1.99952
1689.9,0.0144643,-0.620032,1.99941
1698.18,0.0141577,-0.608602,1.99968
1706.34,0.0144193,-0.596984,1.99981
1714.51,0.0144193,-0.596984,1.99981
1722.68,0.0142502,-0.585678,1.99961
1730.76,0.0142931,-0.573988,2.00026
1738.92,0.0142265,-0.562261,2.00057
1747.09,0.0141678,-0.550416,2.00066
1755.25,0.0144066,-0.538455,2.00063
1763.6,0.0144066,-0.538455,2.00063
1771.98,0.0143277,-0.526512,2.00096
1780.12,0.014228,-0.514582,2.00124
1788.52,0.0140686,-0.502219,2.00123
1796.93,0.0138894,-0.490314,2.00152
1805.08,0.0141027,-0.477948,2.00172
1813.32,0.0141027,-0.477948,2.00172
1821.5,0.0134727,-0.465998,2.00182
1830.05,0.0136773,-0.45339,2.00208
1838.2,0.0138417,-0.441008,2.00259
1846.35,0.0136884,-0.428473,2.0024
1854.49,0.0136884,-0.428473,2.0024
1862.66,0.0137411,-0.416291,2.00289
1870.79,0.0136139,-0.40343,2.00283
1878.96,0.0131108,-0.391049,2.00285
1887.32,0.0135617,-0.378292,2.00304
1895.4,0.0133712,-0.36556,2.00347
1903.53,0.0133712,-0.36556,2.00347
1911.7,0.0136247,-0.352886,2.00321
1920.1,0.012696,-0.340203,2.00361
1928.51,0.0128577,-0.32753,2.00362
1936.65,0.012602,-0.314761,2.00397
1945.01,0.012602,-0.314761,2.00397
1953.39,0.0126424,-0.302023,2.00431
1961.52,0.0127004,-0.289093,2.00424
1970.08,0.0118882,-0.276148,2.00444
1978.24,0.0122644,-0.263243,2.00479
1986.37,0.0125814,-0.250753,2.00504
1994.54,0.0125814,-0.250753,2.00504
2002.71,0.0122756,-0.237382,2.00507
2010.87,0.0119468,-0.22465,2.00529
2019.03,0.0121733,-0.211704,2.00559
2027.19,0.0117332,-0.198537,2.00591
2035.35,0.0117332,-0.198537,2.00591
2043.72,0.0117206,-0.185614,2.00604
2052.01,0.0116827,-0.17265,2.00604
2060.14,0.0113383,-0.159637,2.00645
2068.54,0.0111131,-0.146585,2.00672
2076.71,0.0112621,-0.133995,2.00698
2085.1,0.0112621,-0.133995,2.00698
2093.24,0.0109734,-0.120921,2.00711
2101.51,0.0109557,-0.107858,2.00703
2109.74,0.0106939,-0.0951046,2.00731
2118.18,0.0106913,-0.0821859,2.00748
2126.35,0.0102724,-0.0690784,2.00748
2134.51,0.0102724,-0.0690784,2.00748
2142.65,0.0101428,-0.0562366,2.00767
2150.82,0.0101493,-0.0433045,2.00777
2158.99,0.00999536,-0.0304737,2.00791
2167.16,0.00994167,-0.0176812,2.00789
2175.3,0.00994167,-0.0176812,2.00789
2183.57,0.00943084,-0.00472193,2.00808
2191.8,0.0095955,0.00792059,2.00812
2200.19,0.00953856,0.0208106,2.00799
2208.36,0.00913876,0.0335639,2.00841
2216.54,0.00924757,0.0461806,2.00828
2224.63,0.00924757,0.0461806,2.00828
2232.78,0.00919752,0.0587711,2.00856
2240.88,0.00880457,0.0716168,2.00849
2249.29,0.00875281,0.0842068,2.00851
2257.39,0.00873314,0.0966922,2.00851
2265.5,0.00837655,0.10935,2.00881
2273.6,0.00837655,0.10935,2.00881
2281.95,0.00852421,0.121835,2.0087
2290.11,0.00825006,0.134275,2.00893
2298.19,0.00825,0.146731,2.00881
2306.32,0.00814278,0.159283,2.00876
2314.49,0.00814278,0.159283,2.00876
2322.86,0.00782505,0.171544,2.00907
2331.05,0.00800708,0.183831,2.00897
2339.4,0.00768578,0.196144,2.00899
2347.57,0.00771535,0.208389,2.00911
2355.73,0.00771535,0.208389,2.00911
2364.06,0.00778337,0.220465,2.0091
2372.4,0.00728396,0.232602,2.00934
2380.82,0.00762317,0.244669,2.0093
2388.97,0.00736675,0.256639,2.0093
2397.14,0.00741805,0.268729,2.00963
2405.24,0.00741805,0.268729,2.00963
2413.66,0.00738804,0.280672,2.00926
2421.85,0.00700615,0.292639,2.00976
2429.91,0.00721443,0.304343,2.00941
2438.02,0.00699602,0.316154,2.00948
2446.11,0.00693026,0.327689,2.00948
2454.26,0.00693026,0.327689,2.00948
2462.6,0.00696466,0.339485,2.00946
2470.74,0.00696244,0.351091,2.00964
2478.89,0.00692743,0.362544,2.00978
2487.25,0.00668058,0.37429,2.00979
2495.41,0.00668058,0.37429,2.00979
2503.87,0.00681398,0.385481,2.00954
2512.01,0.00670973,0.396971,2.00963
2520.39,0.00633332,0.408131,2.00988
2528.82,0.00656811,0.419364,2.00996
2537.21,0.00642334,0.430742,2.00985
2545.3,0.00642334,0.430742,2.00985
2553.59,0.00639898,0.441876,2.01022
2561.69,0.00646308,0.452701,2.01026
2570.23,0.00618877,0.463832,2.01031
2578.42,0.00623125,0.47471,2.01034
2586.72,0.00659355,0.485441,2.01042
2595.04,0.00659355,0.485441,2.01042
2603.42,0.00617677,0.496521,2.01034
2611.68,0.00614115,0.507033,2.01052
2620.07,0.00597737,0.51778,2.01065
2628.49,0.00598992,0.528426,2.01059
2636.65,0.00607625,0.53891,2.01069
2645.17,0.00607625,0.53891,2.01069
2653.52,0.00607522,0.549372,2.01094
2661.65,0.00585717,0.559795,2.01091
2670.19,0.00611466,0.570018,2.01074
2678.37,0.00596975,0.580229,2.01085
2686.54,0.00569332,0.590975,2.01109
2694.71,0.00569332,0.590975,2.01109
2702.85,0.00583338,0.600639,2.01071
2711.03,0.00597202,0.610655,2.01084
2719.38,0.00573761,0.620757,2.01093
2727.55,0.005821,0.630843,2.01073
2735.68,0.00603178,0.640422,2.011
2743.82,0.00603178,0.640422,2.011
2752,0.00592712,0.650069,2.01098
2760.16,0.00616261,0.659856,2.01078
2768.57,0.00591317,0.669413,2.01111
2776.75,0.0060421,0.678729,2.01081
2785.08,0.0060421,0.678729,2.01081
2793.43,0.00585313,0.688191,2.01114
2801.6,0.00593844,0.69758,2.01121
2810.03,0.00589243,0.70694,2.01075
2818.16,0.00590299,0.716222,2.01081
2826.31,0.00582321,0.725274,2.0108
2834.48,0.00582321,0.725274,2.0108
2842.65,0.005953,0.734263,2.01079
2850.86,0.00603678,0.743218,2.01083
2859.03,0.00591665,0.752368,2.01059
2867.16,0.00625687,0.761112,2.01059
2875.24,0.00627843,0.769935,2.01057
2883.42,0.00627843,0.769935,2.01057
2891.5,0.00612592,0.778588,2.01042
2899.64,0.00619608,0.787071,2.01032
2907.78,0.00647498,0.795731,2.01018
2915.93,0.00632313,0.8041,2.0101
2924.06,0.00632313,0.8041,2.0101
2932.16,0.00628785,0.812491,2.01011
2940.25,0.00653095,0.820878,2.00967
2948.33,0.00639129,0.829145,2.00956
2956.41,0.00654711,0.83736,2.0095
2964.47,0.00654711,0.83736,2.0095
2972.53,0.00655237,0.845482,2.00944
2980.59,0.0066747,0.853452,2.00948
2988.67,0.00683146,0.861394,2.00931
2996.73,0.00680831,0.869296,2.0093
3004.79,0.00680831,0.869296,2.0093
3012.85,0.00687548,0.877013,2.00921
3020.93,0.00701624,0.884704,2.0092
3028.99,0.00744314,0.892406,2.00936
3037.06,0.00745747,0.899948,2.00992
3045.12,0.00745747,0.899948,2.00992
3053.18,0.00765451,0.907354,2.01041
3061.29,0.00820984,0.914798,2.01141
3069.35,0.00930705,0.922087,2.01248
3077.47,0.00974427,0.929071,2.01328
3085.55,0.0107573,0.936259,2.01437
3093.69,0.0107573,0.936259,2.01437
3101.77,0.0117245,0.943316,2.0156
3110.21,0.0129015,0.950184,2.0168
3118.3,0.0138555,0.956915,2.01777
3126.46,0.0152931,0.963614,2.01901
3134.64,0.0152931,0.963614,2.01901
3142.82,0.0166826,0.970328,2.02044
3150.91,0.0185397,0.976954,2.02159
3159.09,0.0202454,0.983706,2.0226
3167.33,0.022599,0.98985,2.02382
3175.56,0.024851,0.996497,2.02497
3183.94,0.024851,0.996497,2.02497
3192.19,0.0269246,1.00267,2.02648
3200.6,0.0296742,1.00893,2.02747
3208.77,0.0328792,1.01516,2.02856
3217.13,0.03617,1.02102,2.02942
3225.45,0.03617,1.02102,2.02942
3233.79,0.039473,1.02712,2.0307
3241.91,0.0432258,1.03318,2.03168
3250.01,0.047048,1.03901,2.03258
3258.1,0.0515068,1.04456,2.03296
3266.38,0.0557629,1.05045,2.03423
3274.52,0.0557629,1.05045,2.03423
3282.68,0.0605401,1.05617,2.0347
3290.78,0.0651226,1.06195,2.03568
3298.88,0.0703261,1.06708,2.03594
3306.97,0.0758169,1.07254,2.03623
3315.38,0.0758169,1.07254,2.03623
3323.47,0.0813582,1.07799,2.03648
3331.62,0.0873727,1.08316,2.03665
3339.86,0.0932343,1.08841,2.03702
3348.26,0.100069,1.09349,2.0368
3356.38,0.106314,1.09865,2.03697
3364.76,0.106314,1.09865,2.03697
3373.16,0.113285,1.10374,2.03678
3381.33,0.120359,1.10879,2.03666
3389.9,0.127505,1.11359,2.03652
3398.22,0.134929,1.11844,2.03635
3406.32,0.14254,1.12332,2.03611
3414.48,0.14254,1.12332,2.03611
3422.65,0.15063,1.12799,2.03566
3430.83,0.158561,1.13264,2.03537
3438.97,0.16688,1.13747,2.03504
3447.14,0.175258,1.14177,2.03449
3455.28,0.175258,1.14177,2.03449
3463.45,0.184261,1.14628,2.03377
3471.78,0.192816,1.15068,2.03347
3479.98,0.202034,1.15501,2.03277
3488.38,0.211144,1.15943,2.03252
3496.71,0.220671,1.16342,2.03185
3505.23,0.220671,1.16342,2.03185
3513.4,0.230135,1.16755,2.03115
3521.76,0.240028,1.17172,2.03066
3530.28,0.249756,1.17573,2.02987
3538.57,0.259948,1.17965,2.02919
3546.74,0.270132,1.18372,2.02871
3554.92,0.270132,1.18372,2.02871
3563.09,0.280251,1.18762,2.02779
3571.18,0.290883,1.19122,2.02691
3579.35,0.301492,1.19501,2.02628
3587.72,0.311939,1.19874,2.02545
3595.81,0.322885,1.2023,2.02455
3604.04,0.322885,1.2023,2.02455
3612.4,0.333975,1.20584,2.02361
3620.82,0.344902,1.20955,2.02286
3629.35,0.356025,1.21285,2.02195
3637.74,0.367357,1.21637,2.02106
3645.84,0.37885,1.21972,2.02038
3654.2,0.37885,1.21972,2.02038
3662.37,0.390337,1.22297,2.01946
3670.47,0.402058,1.22618,2.01857
3678.64,0.414039,1.22934,2.01766
3686.78,0.425679,1.23229,2.01673
3694.96,0.425679,1.23229,2.01673
3703.12,0.437293,1.23542,2.01601
3711.29,0.449567,1.23828,2.01511
3719.65,0.461439,1.24128,2.01422
3727.95,0.47372,1.24419,2.01321
3736.04,0.485769,1.24699,2.0123
3744.45,0.485769,1.24699,2.0123
3752.79,0.498126,1.24971,2.0114
3761.01,0.510307,1.25248,2.01065
3769.33,0.52299,1.25498,2.01008
3777.73,0.535367,1.25753,2.009
3785.92,0.54778,1.26008,2.00814
3794.01,0.54778,1.26008,2.00814
3802.12,0.560334,1.26243,2.00729
3810.23,0.573071,1.26475,2.00652
3818.31,0.58603,1.26688,2.00555
3826.49,0.598762,1.26899,2.00489
3834.66,0.598762,1.26899,2.00489
3842.79,0.611498,1.27138,2.0041
3850.87,0.624531,1.27331,2.00298
3858.99,0.638177,1.27544,2.00202
3867.09,0.650926,1.2775,2.0018
3875.16,0.650926,1.2775,2.0018
3883.32,0.663925,1.27911,2.00056
3891.43,0.676909,1.28106,1.99981
3899.61,0.689628,1.28296,1.99906
3907.77,0.702512,1.2849,1.99811
3915.95,0.715446,1.28664,1.99748
3924.04,0.715446,1.28664,1.99748
3932.2,0.728528,1.28841,1.99662
3940.29,0.741646,1.28987,1.99584
3948.7,0.754876,1.29147,1.99506
3956.79,0.768144,1.29301,1.99452
3965.3,0.768144,1.29301,1.99452
3973.4,0.781302,1.29466,1.9939
3981.69,0.794627,1.29589,1.99287
3989.91,0.808178,1.29723,1.99184
3998.17,0.821319,1.29845,1.99155
4006.3,0.834286,1.2995,1.99068
4014.6,0.834286,1.2995,1.99068
4022.99,0.847609,1.30102,1.99007
4031.09,0.86102,1.30202,1.98913
4039.45,0.873449,1.30299,1.98857
4047.55,0.887056,1.30402,1.98818
4055.69,0.900175,1.30491,1.98753
4064.04,0.900175,1.30491,1.98753
4072.22,0.913526,1.30585,1.98704
4080.64,0.9267,1.30657,1.98614
4088.74,0.940031,1.30738,1.98585
4097.1,0.95357,1.30808,1.98517
4105.25,0.95357,1.30808,1.98517
4113.69,0.966918,1.30861,1.98457
4121.88,0.980294,1.30916,1.98386
4129.97,0.992503,1.3095,1.98343
4138.06,1.00545,1.31003,1.98267
4146.33,1.0187,1.31073,1.98258
4154.57,1.0187,1.31073,1.98258
4162.89,1.03209,1.31112,1.98213
4170.99,1.04546,1.31146,1.98133
4179.35,1.05822,1.31151,1.98074
4187.73,1.07122,1.31211,1.98035
4195.98,1.08418,1.31212,1.98007
4204.08,1.08418,1.31212,1.98007
4212.43,1.0967,1.31233,1.97977
4220.84,1.1097,1.31248,1.97941
4229.36,1.12264,1.31239,1.97863
4237.78,1.13552,1.31222,1.97818
4245.9,1.14837,1.31239,1.97797
4253.99,1.14837,1.31239,1.97797
4262.09,1.16109,1.31216,1.97723
4270.29,1.17379,1.31222,1.97693
4278.39,1.1863,1.31187,1.97633
4286.57,1.19898,1.31113,1.97565
4294.73,1.19898,1.31113,1.97565
4302.84,1.21166,1.31121,1.97545
4311.09,1.22423,1.31093,1.97481
4319.45,1.23677,1.31045,1.97441
4327.84,1.24908,1.31053,1.97426
4335.93,1.26167,1.30993,1.97369
4344.33,1.26167,1.30993,1.97369
4352.66,1.27386,1.30964,1.97306
4360.81,1.28621,1.30893,1.97271
4369.34,1.29842,1.30844,1.97212
4377.73,1.31072,1.30776,1.97151
4385.85,1.32284,1.30747,1.97093
4394.18,1.32284,1.30747,1.97093
4402.46,1.33491,1.30665,1.97051
4410.64,1.34701,1.30606,1.97001
4418.95,1.35886,1.30546,1.96957
4427.31,1.3708,1.30462,1.96916
4435.48,1.3708,1.30462,1.96916
4443.84,1.38264,1.30381,1.96847
4452.2,1.39429,1.30306,1.96784
4460.62,1.40589,1.30209,1.96723
4469.07,1.41784,1.30167,1.96682
4477.46,1.4294,1.30063,1.96603
4485.55,1.44072,1.30056,1.96574
4493.72,1.44072,1.30056,1.96574
4501.87,1.45251,1.29879,1.96553
4510.2,1.46376,1.29817,1.9649
4518.3,1.47496,1.29724,1.96459
4526.6,1.48622,1.29656,1.96421
4534.97,1.48622,1.29656,1.96421
4543.33,1.49763,1.29519,1.96375
4551.64,1.50855,1.29444,1.96311
4560.05,1.51976,1.29326,1.96299
4568.36,1.53058,1.29243,1.96251
4576.45,1.54156,1.29115,1.96211
4584.52,1.54156,1.29115,1.96211
4592.85,1.55235,1.29042,1.9614
4601.14,1.56316,1.2892,1.96142
4609.55,1.57376,1.28851,1.96087
4617.73,1.58443,1.28672,1.96084
4625.87,1.59494,1.28576,1.96029
4633.98,1.59494,1.28576,1.96029
4642.13,1.60508,1.28501,1.96026
4650.31,1.61569,1.2832,1.95957
4658.52,1.6258,1.28247,1.95937
4666.85,1.636,1.28106,1.95914
4674.99,1.64596,1.28027,1.95849
4683.12,1.64596,1.28027,1.95849
4691.23,1.65592,1.27818,1.95821
4699.6,1.66613,1.27721,1.95817
4707.86,1.67607,1.27591,1.95801
4715.95,1.6856,1.27449,1.95733
4724.1,1.6856,1.27449,1.95733
4732.24,1.69553,1.2734,1.95706
4740.38,1.705,1.272,1.95713
4748.81,1.71459,1.27048,1.95675
4756.96,1.72433,1.26891,1.95646
4765.37,1.72433,1.26891,1.95646
4773.5,1.73346,1.26758,1.95642
4781.69,1.7427,1.26629,1.95622
4789.86,1.75198,1.26456,1.95585
4798.22,1.76092,1.26348,1.95579
4806.32,1.76993,1.2617,1.95586
4814.46,1.76993,1.2617,1.95586
4822.63,1.77903,1.26053,1.95561
4830.81,1.78785,1.25895,1.95592
4838.98,1.79659,1.25728,1.9555
4847.16,1.80535,1.2558,1.95554
4855.3,1.80535,1.2558,1.95554
4863.75,1.814,1.25416,1.95558
4872,1.82221,1.2523,1.95558
4880.41,1.83059,1.25077,1.9554
4888.55,1.83907,1.24934,1.95591
4896.82,1.84728,1.24771,1.95579
4905.3,1.84728,1.24771,1.95579
4913.64,1.85532,1.24591,1.95574
4921.81,1.86334,1.24428,1.95599
4930.16,1.87115,1.24235,1.9557
4938.32,1.87922,1.24118,1.9559
4946.49,1.88719,1.23936,1.95632
4954.71,1.88719,1.23936,1.95632
4962.89,1.89474,1.23766,1.95671
4971.06,1.90239,1.23604,1.95631
4979.41,1.90988,1.23378,1.95641
4987.78,1.91738,1.23236,1.95678
4995.95,1.92457,1.23068,1.95663
5004.36,1.92457,1.23068,1.95663
5012.45,1.93205,1.22934,1.95721
5020.85,1.93885,1.22682,1.95738
5029.37,1.94574,1.22532,1.95795
5037.77,1.95288,1.22347,1.95798
5045.92,1.95998,1.22195,1.95851
5054.01,1.95998,1.22195,1.95851
5062.1,1.9662,1.21956,1.95819
5070.3,1.97335,1.218,1.95907
5078.47,1.97975,1.21635,1.9591
5086.64,1.98638,1.21475,1.95988
5094.92,1.98638,1.21475,1.95988
5103.28,1.99276,1.21285,1.96009
5111.59,1.99924,1.21133,1.96053
5119.97,2.0052,1.20885,1.9609
5128.39,2.01127,1.20702,1.96115
5136.73,2.01746,1.20529,1.96145
5145.18,2.01746,1.20529,1.96145
5153.55,2.02342,1.20329,1.96212
5161.64,2.02929,1.2015,1.96251
5170.01,2.03531,1.19997,1.96336
5178.14,2.04077,1.19794,1.96385
5188.56,2.04639,1.19585,1.9638
5196.7,2.05196,1.19412,1.96462
5204.77,2.05196,1.19412,1.96462
5212.85,2.05718,1.19228,1.96481
5220.92,2.063,1.19058,1.96593
5228.98,2.06807,1.18869,1.96639
5237.05,2.07313,1.18616,1.96688
5245.11,2.07828,1.18466,1.96731
5253.18,2.07828,1.18466,1.96731
5261.24,2.08311,1.18256,1.96768
5269.3,2.08801,1.18062,1.96836
5277.36,2.09273,1.17831,1.96912
5285.42,2.09773,1.17668,1.96986
5293.52,2.09773,1.17668,1.96986
5301.58,2.10239,1.17499,1.97059
5309.64,2.10665,1.17276,1.97059
5317.7,2.11142,1.17085,1.97177
5325.79,2.1157,1.16876,1.97257
5333.95,2.1157,1.16876,1.97257
5342.01,2.11993,1.16698,1.97359
5350.34,2.12417,1.16495,1.97431
5358.54,2.12821,1.16246,1.97567
5366.71,2.13216,1.16026,1.97753
5374.78,2.13216,1.16026,1.97753
5382.85,2.13605,1.15752,1.97877
5390.93,2.1401,1.15554,1.98056
5399.09,2.14387,1.15232,1.98208
5407.21,2.14722,1.14948,1.98384
5415.29,2.15089,1.14679,1.98597
5423.42,2.15089,1.14679,1.98597
5431.58,2.15426,1.14386,1.98767
5439.73,2.15769,1.14026,1.99004
5448.05,2.16112,1.137,1.99183
5456.2,2.16415,1.13352,1.99393
5464.61,2.16415,1.13352,1.99393
5472.75,2.16728,1.12951,1.99601
5480.95,2.17031,1.12587,1.99774
5489.29,2.17347,1.12177,1.99933
5497.67,2.17629,1.1173,2.00177
5505.78,2.1792,1.11386,2.00375
5514.23,2.1792,1.11386,2.00375
5522.31,2.18214,1.10832,2.00588
5530.48,2.18501,1.10385,2.00748
5538.65,2.18702,1.09773,2.00871
5546.82,2.19015,1.09289,2.01079
5555,2.19015,1.09289,2.01079
5563.08,2.19247,1.0872,2.01236
5571.18,2.195,1.08146,2.01391
5579.35,2.1972,1.07561,2.01522
5587.73,2.19925,1.06882,2.01645
5595.82,2.20177,1.06213,2.01785
5603.97,2.20177,1.06213,2.01785
5612.35,2.20349,1.05555,2.0193
5620.77,2.20565,1.04818,2.02039
5629.3,2.20799,1.0412,2.02187
5637.69,2.20992,1.03346,2.02267
5645.78,2.21186,1.02548,2.0237
5654.17,2.21186,1.02548,2.0237
5662.35,2.21384,1.01705,2.02452
5670.53,2.21556,1.00955,2.0256
5678.71,2.21748,1.00085,2.02637
5686.88,2.21938,0.991953,2.02713
5695.05,2.21938,0.991953,2.02713
5703.52,2.22052,0.983124,2.02726
5711.7,2.22249,0.973939,2.02795
5720.09,2.22396,0.964924,2.02855
5728.36,2.2253,0.955457,2.02852
5736.7,2.22684,0.945259,2.02931
5745.13,2.22684,0.945259,2.02931
5753.46,2.22824,0.935239,2.0294
5761.63,2.22971,0.925436,2.02934
5770.03,2.23102,0.915189,2.02945
5778.12,2.23211,0.904667,2.02984
5786.29,2.2333,0.893924,2.02994
5794.43,2.2333,0.893924,2.02994
5802.6,2.23438,0.883082,2.02947
5810.73,2.23568,0.871956,2.02976
5818.9,2.23678,0.86081,2.02988
5827.06,2.23775,0.849353,2.02931
5835.15,2.23775,0.849353,2.02931
5843.33,2.23862,0.837953,2.02919
5851.5,2.23975,0.826218,2.02932
5859.85,2.24057,0.814382,2.02887
5868.18,2.24143,0.802548,2.02867
5876.45,2.24211,0.790596,2.02839
5884.59,2.24211,0.790596,2.02839
5892.94,2.24365,0.777742,2.02939
5901.08,2.24392,0.765122,2.02848
5909.47,2.24483,0.753149,2.02804
5917.87,2.24486,0.740275,2.02686
5925.95,2.24543,0.727693,2.02645
5934.14,2.24543,0.727693,2.02645
5942.24,2.24598,0.714859,2.02589
5950.39,2.24657,0.702339,2.02553
5958.56,2.24699,0.68924,2.02505
5966.72,2.2475,0.675876,2.02476
5974.89,2.2475,0.675876,2.02476
5983.06,2.24791,0.662628,2.02397
5991.19,2.24809,0.649236,2.02348
5999.37,2.24879,0.636014,2.02317
6007.54,2.24912,0.621609,2.02346
6015.79,2.24932,0.608212,2.02296
6023.89,2.24932,0.608212,2.02296
6032.25,2.24914,0.594862,2.02179
6040.35,2.24926,0.580973,2.02178
6048.78,2.24957,0.566985,2.02129
6056.88,2.24966,0.552913,2.02095
6065.16,2.24966,0.552913,2.02095
6073.25,2.24958,0.539116,2.02049
6081.43,2.25001,0.524515,2.02083
6089.57,2.24962,0.510531,2.0202
6097.91,2.24951,0.496109,2.01971
6106,2.24943,0.481837,2.01929
6114.12,2.24943,0.481837,2.01929
6122.28,2.24934,0.467729,2.0192
6130.45,2.24909,0.453142,2.01887
6138.6,2.24897,0.438485,2.01895
6146.73,2.24847,0.424005,2.01822
6155.24,2.24847,0.424005,2.01822
6163.63,2.24815,0.40973,2.01816
6171.78,2.24749,0.395237,2.01733
6180.13,2.24702,0.380331,2.01722
6188.55,2.24696,0.365487,2.01729
6196.9,2.24583,0.351206,2.01665
6205.32,2.24583,0.351206,2.01665
6213.46,2.24604,0.336348,2.01672
6221.64,2.24555,0.321633,2.01641
6230.17,2.2447,0.306789,2.01599
6238.31,2.24359,0.291982,2.01554
6246.49,2.24327,0.277144,2.01543
6254.67,2.24327,0.277144,2.01543
6262.84,2.24259,0.26238,2.015
6270.98,2.24193,0.247487,2.01503
6279.17,2.24066,0.232633,2.01434
6287.55,2.23971,0.217908,2.01435
6295.69,2.2394,0.202841,2.01469
6304.08,2.2394,0.202841,2.01469
6312.22,2.23872,0.188012,2.01459
6320.63,2.23775,0.173202,2.01432
6329.15,2.23659,0.158263,2.01413
6337.52,2.23532,0.143583,2.0134
6345.69,2.23489,0.128817,2.01376
6354.06,2.23489,0.128817,2.01376
6362.21,2.23342,0.114083,2.01345
6370.38,2.23266,0.0994273,2.01309
6378.55,2.23144,0.0845301,2.01337
6386.72,2.23054,0.0699807,2.01313
6394.89,2.23054,0.0699807,2.01313
6403.05,2.22907,0.0556515,2.01259
6411.22,2.22798,0.0408981,2.01255
6419.35,2.22682,0.0263006,2.01281
6427.73,2.22585,0.011723,2.0127
6436.02,2.22435,-0.00283232,2.01272
6444.43,2.22435,-0.00283232,2.01272
6452.58,2.22319,-0.0171601,2.01248
6461.02,2.22177,-0.0314639,2.01268
6469.54,2.22062,-0.0457575,2.01247
6477.99,2.21873,-0.0600364,2.01238
6486.07,2.21772,-0.0743649,2.01247
6494.2,2.21772,-0.0743649,2.01247
6502.35,2.21624,-0.0887509,2.01277
6510.5,2.21448,-0.102707,2.01246
6518.68,2.21346,-0.117058,2.01299
6526.85,2.21192,-0.131082,2.01281
6534.98,2.21192,-0.131082,2.01281
6543.16,2.21004,-0.144903,2.0127
6551.34,2.20822,-0.158849,2.01266
6559.52,2.20705,-0.172949,2.01289
6567.68,2.20541,-0.186657,2.01286
6575.82,2.20541,-0.186657,2.01286
6584.11,2.20382,-0.200492,2.01257
6592.39,2.20265,-0.21407,2.01275
6600.82,2.20062,-0.228114,2.01293
6608.96,2.19901,-0.241221,2.01287
6617.34,2.19699,-0.254728,2.01266
6625.49,2.19699,-0.254728,2.01266
6633.89,2.19561,-0.26846,2.01292
6641.98,2.19376,-0.281741,2.0127
6650.08,2.1923,-0.295165,2.01272
6658.24,2.19048,-0.308471,2.01271
6666.52,2.18867,-0.32177,2.01276
6674.69,2.18867,-0.32177,2.01276
6682.87,2.18682,-0.334973,2.01254
6691,2.18501,-0.347985,2.01275
6699.17,2.18362,-0.361055,2.01256
6707.26,2.18158,-0.374143,2.01247
6715.39,2.17973,-0.387034,2.01266
6723.49,2.17973,-0.387034,2.01266
6731.64,2.1779,-0.399749,2.01223
6739.74,2.17615,-0.412749,2.01234
6748.14,2.17413,-0.425537,2.01218
6756.24,2.17235,-0.437957,2.01216
6764.65,2.17235,-0.437957,2.01216
6772.75,2.1706,-0.450407,2.01181
6780.85,2.1687,-0.463057,2.01177
6789.29,2.1668,-0.475602,2.01182
6797.67,2.165,-0.488106,2.01153
6805.81,2.165,-0.488106,2.01153
6813.92,2.16298,-0.500193,2.01158
6822,2.16101,-0.512331,2.01142
6830.29,2.15864,-0.524383,2.01055
6838.45,2.15729,-0.536936,2.01105
6846.61,2.15533,-0.548774,2.0109
6854.76,2.15533,-0.548774,2.0109
6862.93,2.15329,-0.560635,2.01052
6871.02,2.15146,-0.572609,2.01029
6879.2,2.14948,-0.584377,2.01014
6887.37,2.14738,-0.596242,2.01003
6895.51,2.14546,-0.607881,2.0099
6903.89,2.14546,-0.607881,2.0099
6911.97,2.14363,-0.619394,2.00956
6920.38,2.14169,-0.630873,2.00955
6928.8,2.13952,-0.642089,2.00907
6936.98,2.13774,-0.653692,2.00898
6945.39,2.13774,-0.653692,2.00898
6953.81,2.13569,-0.664967,2.00871
6961.92,2.1337,-0.676062,2.00836
6970.01,2.13165,-0.687255,2.00794
6978.1,2.12958,-0.698147,2.00776
6986.24,2.12743,-0.709219,2.00767
6994.4,2.12743,-0.709219,2.00767
7002.87,2.12578,-0.719869,2.00706
7011.04,2.12337,-0.730653,2.00754
7019.35,2.12166,-0.741207,2.00687
7027.73,2.11959,-0.751397,2.00688
7035.83,2.11959,-0.751397,2.00688
7044.16,2.11785,-0.761868,2.00645
7052.53,2.11537,-0.771655,2.00573
7060.7,2.11363,-0.782652,2.0061
7069.04,2.11181,-0.7925,2.00568
7077.36,2.10972,-0.8028,2.00582
7085.45,2.10771,-0.81259,2.00546
7093.57,2.10771,-0.81259,2.00546
7101.67,2.10551,-0.82237,2.00542
7109.75,2.10381,-0.832228,2.00537
7117.84,2.10177,-0.841866,2.00503
7125.91,2.09958,-0.851312,2.00436
7133.97,2.09958,-0.851312,2.00436
7142.03,2.09768,-0.860911,2.00457
7150.09,2.09573,-0.870328,2.00445
7158.16,2.09363,-0.879789,2.0045
7166.22,2.09146,-0.888303,2.00372
7174.28,2.09146,-0.888303,2.00372
7182.35,2.08977,-0.897872,2.00436
7190.4,2.08745,-0.906504,2.00397
7198.47,2.08561,-0.915644,2.00405
7206.53,2.0836,-0.92451,2.00386
7214.59,2.0836,-0.92451,2.00386
7222.65,2.08182,-0.933174,2.00366
7230.71,2.0796,-0.941562,2.00363
7238.78,2.07765,-0.950026,2.00348
7247.04,2.07586,-0.958418,2.00353
7255.4,2.07586,-0.958418,2.00353
7263.56,2.07403,-0.966681,2.00379
7271.72,2.07177,-0.974898,2.00332
7279.9,2.06982,-0.982706,2.00317
7288.09,2.06765,-0.990782,2.00307
7296.26,2.06519,-0.998206,2.00219
7304.43,2.06519,-0.998206,2.00219
7312.6,2.06323,-1.00625,2.0022
7321.03,2.061,-1.01414,2.00145
7329.27,2.05848,-1.02188,2.00064
7337.66,2.05605,-1.02909,2.00051
7345.8,2.05371,-1.03658,2.00002
7354.19,2.05371,-1.03658,2.00002
7362.33,2.05068,-1.04391,1.99922
7370.43,2.04827,-1.05099,1.99914
7378.61,2.0456,-1.05837,1.99888
7386.82,2.04232,-1.06528,1.99894
7395.21,2.04232,-1.06528,1.99894
7403.64,2.03924,-1.0721,1.99835
7411.94,2.03562,-1.07855,1.99839
7420.35,2.03217,-1.08565,1.99806
7428.73,2.02845,-1.09201,1.99809
7437.1,2.02456,-1.09859,1.99797
7445.55,2.02456,-1.09859,1.99797
7453.9,2.02016,-1.10511,1.99811
7462.05,2.01596,-1.11113,1.99803
7470.2,2.01132,-1.11723,1.99784
7478.38,2.00657,-1.12356,1.99832
7486.55,2.00143,-1.12998,1.99829
7494.73,2.00143,-1.12998,1.99829
7502.91,1.99597,-1.13545,1.99864
7511.04,1.99043,-1.14156,1.99864
7519.4,1.98487,-1.14736,1.99867
7527.79,1.97862,-1.15251,1.99891
7535.93,1.97215,-1.15823,1.99891
7544.34,1.97215,-1.15823,1.99891
7552.6,1.96569,-1.16378,1.99921
7561.01,1.9585,-1.16907,1.99941
7569.54,1.95163,-1.17466,1.99926
7577.92,1.94425,-1.1796,1.99936
7586.06,1.93632,-1.18483,1.9992
7594.19,1.93632,-1.18483,1.9992
7602.52,1.92911,-1.18922,1.99917
7610.69,1.92043,-1.19467,1.99936
7618.86,1.91256,-1.19905,1.99943
7627.21,1.90418,-1.20422,1.99957
7635.6,1.90418,-1.20422,1.99957
7643.99,1.89486,-1.20872,1.99972
7652.21,1.88585,-1.21341,1.99958
7660.54,1.87656,-1.21797,1.99931
7668.99,1.86721,-1.22244,2.00002
7677.36,1.85745,-1.22683,1.99965
7685.5,1.85745,-1.22683,1.99965
7693.59,1.84704,-1.23174,1.99935
7701.67,1.83702,-1.23591,1.9997
7710.23,1.82655,-1.24007,1.99948
7718.32,1.81612,-1.24424,1.99968
7726.49,1.80517,-1.24795,1.99908
7734.58,1.80517,-1.24795,1.99908
7742.76,1.7947,-1.25191,1.99993
7750.94,1.78363,-1.25588,1.99996
7759.12,1.77243,-1.25942,2.00024
7767.49,1.76075,-1.26338,1.99998
7775.64,1.7491,-1.267,2.00008
7784.03,1.7491,-1.267,2.00008
7792.27,1.7372,-1.27035,2.00001
7800.68,1.72562,-1.27404,2.0002
7809.08,1.7135,-1.277,2.00032
7817.45,1.70097,-1.28036,2.00014
7825.53,1.68875,-1.28395,2.00019
7833.9,1.68875,-1.28395,2.00019
7841.99,1.67625,-1.28698,1.99987
7850.3,1.66415,-1.29065,2.00059
7858.47,1.65162,-1.29314,2.00099
7866.64,1.63847,-1.29582,2.00038
7874.77,1.63847,-1.29582,2.00038
7882.94,1.62572,-1.29897,2.00062
7891.01,1.6129,-1.30195,2.00124
7899.17,1.59996,-1.30478,2.0013
7907.27,1.58687,-1.30755,2.00146
7915.35,1.57386,-1.3103,2.00202
7923.48,1.57386,-1.3103,2.00202
7931.6,1.5603,-1.31239,2.00185
7939.73,1.54631,-1.31497,2.00173
7948.12,1.53314,-1.31754,2.00237
7956.26,1.51914,-1.31971,2.00234
7964.62,1.51914,-1.31971,2.00234
7972.76,1.50572,-1.32213,2.0024
7980.99,1.49234,-1.32442,2.003
7989.12,1.47833,-1.32666,2.0034
7997.48,1.46455,-1.32865,2.00327
8005.59,1.45087,-1.33053,2.00332
8013.77,1.45087,-1.33053,2.00332
8022.15,1.43693,-1.3332,2.00407
8030.29,1.42307,-1.33498,2.0047
8038.4,1.40935,-1.33683,2.00469
8046.55,1.39476,-1.33888,2.00464
8054.72,1.39476,-1.33888,2.00464
8062.88,1.38113,-1.34053,2.00561
8071.05,1.36714,-1.34232,2.00588
8079.4,1.3532,-1.34419,2.00564
8087.56,1.33834,-1.3452,2.00585
8095.65,1.33834,-1.3452,2.00585
8103.82,1.32434,-1.34653,2.00612
8111.98,1.31055,-1.34868,2.00658
8120.37,1.29558,-1.34989,2.00687
8128.48,1.28133,-1.35109,2.00698
8136.64,1.26681,-1.35218,2.00612
8144.81,1.26681,-1.35218,2.00612
8153.13,1.25278,-1.35353,2.0073
8161.23,1.23825,-1.35451,2.00668
8169.62,1.22473,-1.35635,2.00817
8177.98,1.20994,-1.35714,2.00852
8186.06,1.19628,-1.35836,2.00833
8194.17,1.19628,-1.35836,2.00833
8202.48,1.18133,-1.35907,2.00822
8210.73,1.16743,-1.35991,2.0087
8218.87,1.15296,-1.36091,2.0086
8227.04,1.13861,-1.36176,2.00838
8235.17,1.12461,-1.36261,2.00951
8243.35,1.12461,-1.36261,2.00951
8251.64,1.11055,-1.3633,2.00987
8259.81,1.09593,-1.36387,2.00935
8268.18,1.0819,-1.36458,2.00982
8276.49,1.06721,-1.36527,2.00958
8284.95,1.06721,-1.36527,2.00958
8293.29,1.05327,-1.36572,2.00987
8301.46,1.03851,-1.36603,2.00952
8309.74,1.02486,-1.36631,2.01019
8318.16,1.01111,-1.36689,2.01043
8326.32,0.996785,-1.36727,2.01062
8334.64,0.996785,-1.36727,2.01062
8342.83,0.983335,-1.36759,2.01114
8351.02,0.969441,-1.36788,2.0114
8359.2,0.955065,-1.36796,2.01169
8367.58,0.942029,-1.36812,2.01223
8375.72,0.942029,-1.36812,2.01223
8384.09,0.927785,-1.36832,2.01224
8392.37,0.913629,-1.36822,2.01192
8400.79,0.899666,-1.36803,2.01219
8409.19,0.886301,-1.36794,2.0127
8417.57,0.873229,-1.36795,2.01334
8425.74,0.8593,-1.36763,2.01347
8433.99,0.8593,-1.36763,2.01347
8442.07,0.845186,-1.36702,2.01321
8450.28,0.831621,-1.36693,2.0133
8458.45,0.818477,-1.36671,2.01354
8466.61,0.805665,-1.36644,2.01446
8474.79,0.805665,-1.36644,2.01446
8483.19,0.791863,-1.3658,2.01462
8491.35,0.779165,-1.36546,2.01478
8499.67,0.765234,-1.36469,2.01507
8508,0.752305,-1.36418,2.01538
8516.33,0.739217,-1.36374,2.01566
8524.67,0.739217,-1.36374,2.01566
8532.85,0.726572,-1.36302,2.01604
8541.02,0.713436,-1.36201,2.0166
8549.44,0.700354,-1.36126,2.0165
8557.77,0.68706,-1.3601,2.01644
8565.93,0.68706,-1.3601,2.01644
8574.02,0.674495,-1.35952,2.01664
8582.12,0.662613,-1.35838,2.0178
8590.25,0.649947,-1.35768,2.01805
8598.48,0.637183,-1.35633,2.0178
8606.59,0.624884,-1.35546,2.01792
8615.18,0.624884,-1.35546,2.01792
8623.32,0.611831,-1.35413,2.01836
8631.6,0.599513,-1.35221,2.01865
8639.72,0.588145,-1.35164,2.01958
8648.09,0.574787,-1.34954,2.01933
8656.17,0.562774,-1.34845,2.01934
8664.32,0.562774,-1.34845,2.01934
8672.49,0.55029,-1.34706,2.01923
8680.88,0.538968,-1.34548,2.01962
8689.36,0.526826,-1.34401,2.02001
8697.5,0.515057,-1.34232,2.02004
8705.64,0.502977,-1.34076,2.0201
8714.1,0.502977,-1.34076,2.0201
8722.24,0.491019,-1.3387,2.02054
8730.33,0.47991,-1.33737,2.02062
8738.47,0.468682,-1.33548,2.02103
8746.64,0.457033,-1.33339,2.02121
8755.01,0.457033,-1.33339,2.02121
8763.15,0.445083,-1.33138,2.02111
8771.29,0.433936,-1.32973,2.02127
8779.43,0.423273,-1.3277,2.02193
8787.82,0.411578,-1.32549,2.02152
8795.91,0.400487,-1.32364,2.02168
8804.31,0.400487,-1.32364,2.02168
8812.68,0.389569,-1.32161,2.0219
8820.78,0.378728,-1.31962,2.02201
8828.93,0.367991,-1.31695,2.02236
8837.27,0.357055,-1.31527,2.02231
8845.37,0.357055,-1.31527,2.02231
8853.47,0.346247,-1.31259,2.02222
8861.59,0.336027,-1.31053,2.02311
8869.71,0.325619,-1.30835,2.02253
8877.83,0.315123,-1.30584,2.02269
8885.91,0.304831,-1.30352,2.02293
8893.98,0.304831,-1.30352,2.02293
8902.05,0.294711,-1.301,2.02284
8910.21,0.284806,-1.29861,2.02325
8918.37,0.274715,-1.29631,2.02271
8926.53,0.264654,-1.29373,2.02305
8934.7,0.264654,-1.29373,2.02305
8942.86,0.255841,-1.29148,2.0243
8950.99,0.245512,-1.28885,2.02332
8959.15,0.235363,-1.28612,2.02337
8967.51,0.225846,-1.28367,2.02302
8975.6,0.21645,-1.28081,2.02295
8983.91,0.21645,-1.28081,2.02295
8992.08,0.20651,-1.27797,2.02308
9000.3,0.198178,-1.27555,2.023
9008.48,0.188601,-1.27321,2.02314
9016.83,0.179108,-1.26994,2.02214
9024.97,0.179108,-1.26994,2.02214
9033.35,0.170817,-1.26751,2.02284
9041.52,0.161779,-1.26488,2.02299
9049.97,0.152517,-1.26211,2.02313
9058.06,0.144159,-1.25958,2.02295
9066.2,0.135669,-1.25673,2.02291
9074.37,0.135669,-1.25673,2.02291
9082.53,0.126852,-1.2542,2.02341
9090.69,0.118339,-1.25114,2.02275
9098.85,0.11063,-1.24803,2.02277
9106.94,0.102362,-1.24571,2.0229
9115.1,0.102362,-1.24571,2.0229
9123.27,0.0940978,-1.24267,2.02285
9131.53,0.0863553,-1.23972,2.02286
9139.66,0.0781364,-1.23676,2.02278
9147.92,0.0704187,-1.23421,2.02269
9156.01,0.063059,-1.23131,2.02258
9164.47,0.063059,-1.23131,2.02258
9172.57,0.0549067,-1.2287,2.02228
9181,0.0476027,-1.22554,2.0223
9189.09,0.0403884,-1.22276,2.02231
9197.46,0.0329358,-1.21996,2.02197
9205.67,0.0329358,-1.21996,2.02197
9214.08,0.0256229,-1.21671,2.02193
9222.17,0.0184596,-1.21414,2.0221
9230.31,0.0110894,-1.21102,2.02143
9238.47,0.00439985,-1.20799,2.02133
9246.63,-0.00248925,-1.20513,2.02142
9254.76,-0.00248925,-1.20513,2.02142
9262.93,-0.00941933,-1.20225,2.02107
9271.07,-0.0158482,-1.19909,2.02133