0.000578,0,0,0
8.07163,0,0,0
16.1476,-0.478791,-0.370359,0.33352
24.2163,-0.478773,-0.370362,0.333527
32.313,-0.478803,-0.37038,0.333571
40.3811,-0.478819,-0.370377,0.333585
48.4454,-0.478819,-0.370377,0.333585
56.5032,-0.478792,-0.370347,0.333531
64.5653,-0.478779,-0.370371,0.333506
72.6354,-0.4788,-0.370371,0.333558
80.6959,-0.4788,-0.370328,0.33359
88.7962,-0.4788,-0.370328,0.33359
97.0068,-0.478652,-0.370292,0.333778
105.179,-0.478779,-0.370333,0.333524
113.354,-0.478811,-0.370358,0.333585
121.747,-0.478786,-0.370364,0.33353
129.869,-0.478795,-0.370368,0.33355
138.001,-0.478795,-0.370368,0.33355
146.132,-0.478788,-0.370363,0.333577
154.426,-0.478828,-0.370354,0.333606
162.538,-0.478655,-0.370276,0.333779
170.665,-0.478753,-0.370349,0.333515
178.789,-0.478753,-0.370349,0.333515
187.103,-0.478668,-0.37033,0.333736
195.185,-0.478824,-0.370378,0.333572
203.348,-0.478623,-0.370315,0.333742
211.506,-0.478817,-0.37037,0.333589
219.6,-0.478817,-0.37037,0.333589
227.69,-0.478649,-0.370326,0.333777
235.828,-0.478793,-0.370358,0.333523
243.994,-0.478819,-0.370343,0.333581
252.182,-0.478804,-0.370339,0.333584
260.292,-0.478809,-0.370322,0.333587
268.734,-0.478809,-0.370322,0.333587
277.09,-0.478793,-0.370364,0.333582
285.497,-0.478818,-0.370354,0.333573
293.929,-0.478826,-0.370346,0.333554
302.311,-0.478803,-0.370336,0.333579
310.471,-0.478803,-0.370336,0.333579
318.804,-0.478808,-0.370337,0.333578
327.13,-0.478819,-0.370337,0.333588
335.349,-0.47882,-0.370342,0.333594
343.732,-0.478828,-0.370363,0.333599
352.01,-0.478809,-0.37032,0.333579
360.175,-0.478809,-0.37032,0.333579
368.541,-0.478788,-0.370321,0.333583
376.852,-0.478762,-0.37048,0.333398
385.247,-0.478829,-0.370337,0.333609
393.668,-0.478786,-0.370336,0.33354
401.858,-0.478779,-0.370358,0.333525
409.996,-0.478779,-0.370358,0.333525
418.418,-0.478652,-0.370314,0.333764
426.577,-0.478802,-0.37037,0.333566
434.901,-0.478806,-0.370319,0.333578
443.333,-0.478649,-0.370309,0.333764
451.488,-0.478782,-0.370357,0.333535
460.015,-0.478782,-0.370357,0.333535
468.361,-0.478654,-0.370327,0.333792
476.546,-0.478638,-0.37031,0.333695
484.919,-0.478807,-0.370369,0.333581
493.097,-0.478808,-0.370352,0.333597
501.232,-0.478781,-0.370371,0.33352
509.615,-0.478781,-0.370371,0.33352
518.026,-0.478635,-0.370292,0.333789
526.335,-0.478635,-0.370303,0.33377
534.942,-0.478654,-0.370299,0.333778
543.515,-0.478764,-0.370321,0.333525
551.776,-0.478777,-0.370362,0.333525
560.079,-0.478777,-0.370362,0.333525
568.387,-0.478644,-0.37031,0.33379
576.65,-0.478645,-0.370316,0.333752
585.033,-0.478828,-0.370324,0.333613
593.453,-0.478835,-0.370353,0.33359
601.86,-0.478812,-0.370342,0.333581
610.3,-0.478812,-0.370342,0.333581
618.602,-0.478831,-0.370348,0.333585
626.906,-0.478799,-0.370349,0.33358
635.465,-0.478758,-0.370372,0.333512
643.623,-0.478672,-0.370308,0.33377
651.77,-0.478638,-0.370333,0.333778
660.049,-0.478638,-0.370333,0.333778
668.378,-0.47884,-0.370352,0.333623
676.718,-0.478803,-0.370322,0.333609
684.873,-0.478752,-0.370343,0.333525
693.029,-0.478652,-0.370307,0.33376
701.157,-0.478794,-0.370325,0.33357
709.34,-0.478794,-0.370325,0.33357
717.693,-0.478661,-0.37035,0.33377
725.756,-0.478833,-0.370347,0.333587
734.159,-0.478819,-0.370359,0.333617
742.551,-0.478622,-0.370291,0.333724
750.698,-0.478833,-0.370377,0.333593
759.101,-0.478833,-0.370377,0.333593
767.484,-0.478757,-0.370341,0.333513
775.629,-0.478622,-0.370321,0.333735
783.726,-0.478821,-0.370341,0.333589
791.908,-0.478828,-0.370328,0.333594
800.076,-0.478611,-0.370316,0.33372
808.244,-0.478611,-0.370316,0.33372
816.417,-0.47863,-0.370295,0.333774
824.549,-0.478817,-0.370341,0.333603
832.726,-0.478815,-0.370344,0.333598
841.103,-0.478807,-0.370312,0.333579
849.241,-0.478575,-0.370438,0.333574
857.63,-0.478575,-0.370438,0.333574
865.981,-0.478777,-0.370339,0.333591
874.386,-0.478805,-0.370341,0.333584
882.909,-0.47883,-0.370339,0.333599
891.286,-0.478773,-0.370356,0.333518
899.386,-0.47882,-0.370327,0.333603
907.593,-0.47882,-0.370327,0.333603
915.85,-0.4788,-0.370358,0.333606
924.107,-0.478823,-0.370351,0.3336
932.457,-0.478777,-0.370349,0.333528
940.77,-0.478791,-0.370352,0.333539
948.982,-0.478791,-0.370352,0.333539
957.121,-0.478833,-0.370325,0.333586
965.471,-0.478813,-0.37033,0.33358
973.811,-0.47881,-0.370346,0.333574
982.238,-0.478804,-0.370349,0.333596
990.513,-0.478789,-0.370332,0.333583
998.644,-0.478789,-0.370332,0.333583
1006.78,-0.478811,-0.370363,0.333598
1014.86,-0.478798,-0.370363,0.333592
1022.94,-0.478816,-0.370313,0.333595
1031.01,-0.478813,-0.37037,0.333561
1039.08,-0.478769,-0.370344,0.333512
1047.15,-0.478769,-0.370344,0.333512
1055.22,-0.478653,-0.370332,0.333773
1063.31,-0.478659,-0.370295,0.333772
1071.37,-0.478838,-0.370316,0.333617
1079.43,-0.478802,-0.370343,0.333589
1087.5,-0.478802,-0.370343,0.333589
1095.56,-0.478605,-0.370466,0.33354
1103.62,-0.478765,-0.370338,0.333525
1111.68,-0.478816,-0.370361,0.333585
1119.85,-0.478843,-0.370317,0.333598
1127.93,-0.478843,-0.370317,0.333598
1136.02,-0.478774,-0.370356,0.333552
1144.16,-0.478657,-0.37031,0.333773
1152.3,-0.478808,-0.370349,0.333598
1160.64,-0.478773,-0.370524,0.333382
1168.78,-0.478773,-0.370524,0.333382
1177.12,-0.478814,-0.370339,0.333608
1185.43,-0.478816,-0.370333,0.333583
1193.8,-0.478806,-0.370367,0.333584
1202.21,-0.47882,-0.370339,0.333608
1210.57,-0.478657,-0.370291,0.33379
1218.73,-0.478657,-0.370291,0.33379
1226.87,-0.478665,-0.370288,0.333815
1235.04,-0.478773,-0.370389,0.333549
1243.57,-0.478839,-0.370343,0.333589
1251.73,-0.478778,-0.370346,0.333573
1260.04,-0.47876,-0.370341,0.333507
1268.52,-0.47876,-0.370341,0.333507
1276.97,-0.478622,-0.370318,0.333723
1285.12,-0.478812,-0.370323,0.333621
1293.42,-0.478796,-0.370366,0.333536
1301.83,-0.478803,-0.370332,0.33355
1310.16,-0.478819,-0.370361,0.333574
1318.7,-0.478819,-0.370361,0.333574
1327.14,-0.478816,-0.370359,0.333583
1335.34,-0.478645,-0.370306,0.333736
1343.73,-0.478818,-0.370351,0.333584
1351.88,-0.478631,-0.370315,0.333745
1360.21,-0.478812,-0.37034,0.333615
1368.56,-0.478812,-0.37034,0.333615
1376.94,-0.478805,-0.370327,0.333578
1385.11,-0.478799,-0.370326,0.333597
1393.52,-0.47882,-0.370335,0.333596
1401.82,-0.478783,-0.370322,0.333602
1410,-0.478798,-0.370347,0.333567
1418.42,-0.478798,-0.370347,0.333567
1426.69,-0.478787,-0.370354,0.333531
1434.89,-0.478821,-0.370344,0.333605
1443.44,-0.478759,-0.370518,0.333402
1451.6,-0.478803,-0.370361,0.333581
1459.76,-0.478803,-0.370361,0.333581
1467.95,-0.478747,-0.370536,0.333385
1476.13,-0.478636,-0.370308,0.333757
1484.28,-0.478665,-0.370292,0.33378
1492.64,-0.478591,-0.370302,0.333692
1501.03,-0.478815,-0.370365,0.333606
1509.18,-0.47876,-0.370378,0.333533
1517.53,-0.47876,-0.370378,0.333533
1525.81,-0.478655,-0.370323,0.333773
1534.23,-0.478804,-0.370336,0.333593
1542.76,-0.478676,-0.370336,0.333773
1551.17,-0.478809,-0.370352,0.333578
1559.33,-0.478605,-0.370308,0.333703
1567.75,-0.478605,-0.370308,0.333703
1576.04,-0.478641,-0.370321,0.333764
1584.21,-0.478801,-0.370344,0.333588
1592.55,-0.478799,-0.370339,0.333571
1600.92,-0.478808,-0.370339,0.333599
1609.09,-0.478808,-0.370339,0.333599
1617.47,-0.47883,-0.370349,0.33359
1625.61,-0.478832,-0.370356,0.333581
1633.71,-0.478649,-0.370305,0.333806
1641.82,-0.478771,-0.37036,0.333547
1649.88,-0.478795,-0.37034,0.333595
1657.99,-0.478795,-0.37034,0.333595
1666.36,-0.478769,-0.370359,0.333543
1674.42,-0.478803,-0.370345,0.333507
1682.94,-0.47883,-0.370362,0.333559
1691.38,-0.478813,-0.370365,0.333597
1699.46,-0.478813,-0.370365,0.333597
1707.62,-0.478776,-0.370352,0.333527
1715.79,-0.47865,-0.370321,0.333756
1723.97,-0.478607,-0.370313,0.333723
1732.15,-0.478753,-0.370354,0.333485
1740.31,-0.478657,-0.370316,0.333768
1748.48,-0.478657,-0.370316,0.333768
1756.8,-0.478836,-0.370337,0.333613
1764.97,-0.478807,-0.370376,0.33359
1773.21,-0.478815,-0.370362,0.33358
1781.53,-0.478762,-0.370333,0.333527
1789.67,-0.4788,-0.370339,0.333547
1798.14,-0.4788,-0.370339,0.333547
1806.51,-0.478627,-0.370309,0.333679
1815.04,-0.47879,-0.370375,0.333512
1823.57,-0.478821,-0.370361,0.333585
1831.74,-0.478836,-0.370343,0.333614
1839.99,-0.478818,-0.37032,0.333608
1848.43,-0.478818,-0.37032,0.333608
1856.79,-0.478792,-0.370349,0.333564
1864.94,-0.47882,-0.37036,0.333577
1873.31,-0.478837,-0.370359,0.333563
1881.7,-0.478774,-0.370496,0.333388
1890.03,-0.478814,-0.370318,0.333604
1898.51,-0.478814,-0.370318,0.333604
1906.97,-0.478813,-0.370341,0.333578
1915.07,-0.478832,-0.370372,0.333566
1923.63,-0.478801,-0.370348,0.333592
1931.74,-0.478785,-0.370363,0.333594
1939.83,-0.478786,-0.370351,0.333575
1948.13,-0.478786,-0.370351,0.333575
1956.49,-0.478777,-0.370358,0.333521
1964.58,-0.478764,-0.37034,0.333493
1972.73,-0.478823,-0.370378,0.333571
1981.1,-0.478811,-0.370371,0.333547
1989.21,-0.478808,-0.370352,0.333583
1997.35,-0.478808,-0.370352,0.333583
2005.49,-0.478775,-0.370373,0.333525
2013.59,-0.478835,-0.370383,0.333601
2021.67,-0.478838,-0.370327,0.333584
2029.74,-0.478626,-0.370302,0.333755
2037.81,-0.478626,-0.370302,0.333755
2045.87,-0.478811,-0.370348,0.333599
2053.94,-0.478787,-0.370328,0.333612
2062,-0.478826,-0.370342,0.333604
2070.06,-0.478838,-0.370352,0.333572
2078.12,-0.478838,-0.370352,0.333572
2086.42,-0.478781,-0.37034,0.333568
2094.48,-0.478623,-0.3703,0.333749
2102.54,-0.478806,-0.370345,0.333558
2110.63,-0.47882,-0.370367,0.333592
2118.71,-0.478818,-0.370341,0.333554
2127.13,-0.478818,-0.370341,0.333554
2135.28,-0.47861,-0.370317,0.333695
2143.71,-0.478776,-0.370358,0.333516
2151.98,-0.478803,-0.370344,0.333593
2160.23,-0.478795,-0.370343,0.333591
2168.4,-0.478795,-0.370343,0.333591
2176.76,-0.478614,-0.37031,0.333708
2185,-0.478815,-0.37035,0.333621
2193.38,-0.478769,-0.370346,0.333491
2201.77,-0.478635,-0.370307,0.33375
2210.04,-0.47883,-0.370351,0.333585
2218.47,-0.47883,-0.370351,0.333585
2226.84,-0.478793,-0.370338,0.33358
2234.94,-0.478653,-0.370304,0.333758
2243.49,-0.478814,-0.370352,0.333606
2251.62,-0.4788,-0.370364,0.333584
2259.77,-0.478661,-0.370302,0.33378
2268.27,-0.478661,-0.370302,0.33378
2276.68,-0.478852,-0.370383,0.333611
2284.79,-0.478823,-0.370346,0.333565
2293.17,-0.478811,-0.370354,0.333587
2301.56,-0.478663,-0.370305,0.333759
2309.84,-0.478651,-0.370345,0.333745
2318.21,-0.478651,-0.370345,0.333745
2326.58,-0.478818,-0.370361,0.333577
2335,-0.478663,-0.37031,0.333768
2343.57,-0.478653,-0.370308,0.333772
2351.67,-0.478806,-0.370351,0.333572
2359.76,-0.478794,-0.370335,0.333569
2367.93,-0.478794,-0.370335,0.333569
2376.11,-0.478802,-0.370389,0.333612
2384.3,-0.478799,-0.370318,0.333581
2392.49,-0.4788,-0.37034,0.333602
2400.67,-0.478814,-0.370366,0.333613
2409.05,-0.478814,-0.370366,0.333613
2417.43,-0.478796,-0.370362,0.333559
2425.59,-0.478652,-0.370298,0.333737
2434.01,-0.478806,-0.370324,0.333591
2442.43,-0.478818,-0.370338,0.333575
2450.61,-0.478829,-0.370331,0.333594
2458.92,-0.478829,-0.370331,0.333594
2467.27,-0.478649,-0.370329,0.333794
2475.4,-0.47865,-0.370324,0.333754
2483.59,-0.478807,-0.370352,0.333625
2491.74,-0.478842,-0.370375,0.33359
2499.93,-0.478842,-0.370375,0.33359
2508.12,-0.478786,-0.370361,0.333529
2516.26,-0.478645,-0.370332,0.333784
2524.44,-0.47882,-0.370336,0.333591
2532.62,-0.478767,-0.370362,0.333539
2540.8,-0.478637,-0.370316,0.333768
2549.19,-0.478637,-0.370316,0.333768
2557.5,-0.478821,-0.370323,0.333551
2565.58,-0.478825,-0.37033,0.33357
2573.94,-0.4788,-0.37036,0.33357
2582.09,-0.47881,-0.370364,0.333577
2590.27,-0.4788,-0.370359,0.333583
2598.79,-0.4788,-0.370359,0.333583
2606.97,-0.478769,-0.370366,0.333531
2615.07,-0.478776,-0.370362,0.333549
2623.62,-0.478782,-0.370379,0.333523
2631.72,-0.478813,-0.37036,0.333584
2639.84,-0.478838,-0.370356,0.333605
2648.16,-0.478838,-0.370356,0.333605
2656.34,-0.47859,-0.370305,0.333681
2664.49,-0.478811,-0.370343,0.333569
2672.62,-0.478649,-0.370316,0.333764
2680.75,-0.478658,-0.370315,0.333771
2689.1,-0.478658,-0.370315,0.333771
2697.48,-0.47882,-0.370348,0.33359
2705.66,-0.478815,-0.370348,0.333559
2714.07,-0.478821,-0.370357,0.333601
2722.49,-0.478652,-0.370291,0.333782
2730.66,-0.478795,-0.370367,0.333563
2739.05,-0.478795,-0.370367,0.333563
2747.44,-0.47862,-0.370301,0.333715
2755.57,-0.478777,-0.370357,0.33351
2763.71,-0.478663,-0.370336,0.333752
2771.98,-0.478816,-0.370364,0.333613
2780.26,-0.478816,-0.370364,0.333613
2788.69,-0.478833,-0.370337,0.333597
2796.85,-0.478821,-0.370322,0.333564
2805.22,-0.478646,-0.370303,0.333782
2813.64,-0.478697,-0.370509,0.333317
2822.02,-0.478783,-0.370364,0.333543
2830.18,-0.478783,-0.370364,0.333543
2838.64,-0.478809,-0.370322,0.333526
2846.99,-0.478666,-0.37027,0.333777
2855.14,-0.47863,-0.370331,0.333697
2863.59,-0.478812,-0.37036,0.333583
2871.83,-0.478794,-0.370346,0.333588
2879.98,-0.478685,-0.370297,0.333795
2888.33,-0.478685,-0.370297,0.333795
2896.75,-0.478826,-0.370363,0.333585
2905.13,-0.478671,-0.370302,0.333789
2913.54,-0.478815,-0.370353,0.333574
2921.91,-0.478626,-0.370329,0.33371
2930.35,-0.478626,-0.370329,0.33371
2938.75,-0.478651,-0.370312,0.333711
2947.14,-0.478636,-0.37032,0.333779
2955.3,-0.478807,-0.370358,0.333565
2963.63,-0.478641,-0.370331,0.333751
2971.92,-0.478798,-0.370342,0.333568
2980.23,-0.478798,-0.370342,0.333568
2988.6,-0.478783,-0.370354,0.333514
2996.73,-0.47883,-0.370331,0.333597
3004.88,-0.47883,-0.370331,0.333597
3013.72,-0.47883,-0.370331,0.333597
3021.81,-0.47883,-0.370331,0.333597
3029.89,-0.47883,-0.370331,0.333597
3037.95,-0.47883,-0.370331,0.333597
3046.02,-0.47883,-0.370331,0.333597
3054.12,-0.47883,-0.370331,0.333597
3062.19,-0.47883,-0.370331,0.333597
3070.26,-0.47883,-0.370331,0.333597
3078.32,-0.47883,-0.370331,0.333597
3086.38,-0.47883,-0.370331,0.333597
3094.45,-0.47883,-0.370331,0.333597
3102.51,-0.47883,-0.370331,0.333597
3110.6,-0.47883,-0.370331,0.333597
3118.8,-0.47883,-0.370331,0.333597
3126.87,-0.47883,-0.370331,0.333597
3135.4,-0.47883,-0.370331,0.333597
3143.73,-0.47883,-0.370331,0.333597
3151.82,-0.47883,-0.370331,0.333597
3160.07,-0.47883,-0.370331,0.333597
3168.35,-0.47883,-0.370331,0.333597
3176.59,-0.47883,-0.370331,0.333597
3184.94,-0.47883,-0.370331,0.333597
3193.21,-0.47883,-0.370331,0.333597
3201.51,-0.47883,-0.370331,0.333597
3209.92,-0.47883,-0.370331,0.333597
3218.28,-0.47883,-0.370331,0.333597
3226.52,-0.47883,-0.370331,0.333597
3234.76,-0.47883,-0.370331,0.333597
3243.36,-0.47883,-0.370331,0.333597
3251.96,-0.47883,-0.370331,0.333597
3260.31,-0.47883,-0.370331,0.333597
3268.91,-0.47883,-0.370331,0.333597
3277.22,-0.47883,-0.370331,0.333597
3285.83,-0.47883,-0.370331,0.333597
3294.44,-0.47883,-0.370331,0.333597
3303.05,-0.47883,-0.370331,0.333597
3311.54,-0.47883,-0.370331,0.333597
3319.7,-0.47883,-0.370331,0.333597
3328.31,-0.47883,-0.370331,0.333597
3336.66,-0.47883,-0.370331,0.333597
3345.03,-0.47883,-0.370331,0.333597
3353.64,-0.47883,-0.370331,0.333597
3362.03,-0.47883,-0.370331,0.333597
3370.44,-0.47883,-0.370331,0.333597
3378.86,-0.47883,-0.370331,0.333597
3387.05,-0.47883,-0.370331,0.333597
3395.61,-0.47883,-0.370331,0.333597
3404.23,-0.47883,-0.370331,0.333597
3412.33,-0.47883,-0.370331,0.333597
3420.47,-0.47883,-0.370331,0.333597
3428.56,-0.47883,-0.370331,0.333597
3436.69,-0.47883,-0.370331,0.333597
3444.77,-0.47883,-0.370331,0.333597
3452.91,-0.47883,-0.370331,0.333597
3461.29,-0.47883,-0.370331,0.333597
3469.64,-0.47883,-0.370331,0.333597
3477.96,-0.47883,-0.370331,0.333597
3486.39,-0.47883,-0.370331,0.333597
3494.82,-0.47883,-0.370331,0.333597
3503.23,-0.47883,-0.370331,0.333597
3511.38,-0.47883,-0.370331,0.333597
3519.58,-0.47883,-0.370331,0.333597
3527.76,-0.47883,-0.370331,0.333597
3535.93,-0.47883,-0.370331,0.333597
3544.21,-0.47883,-0.370331,0.333597
3552.82,-0.47883,-0.370331,0.333597
3561.44,-0.47883,-0.370331,0.333597
3569.92,-0.47883,-0.370331,0.333597
3578.2,-0.47883,-0.370331,0.333597
3586.81,-0.47883,-0.370331,0.333597
3595.42,-0.47883,-0.370331,0.333597
3604.04,-0.47883,-0.370331,0.333597
3612.65,-0.47883,-0.370331,0.333597
3621.1,-0.47883,-0.370331,0.333597
3629.21,-0.47883,-0.370331,0.333597
3637.68,-0.47883,-0.370331,0.333597
3646.29,-0.47883,-0.370331,0.333597
3654.77,-0.47883,-0.370331,0.333597
3663.17,-0.47883,-0.370331,0.333597
3671.78,-0.47883,-0.370331,0.333597
3679.98,-0.47883,-0.370331,0.333597
3688.13,-0.47883,-0.370331,0.333597
3696.2,-0.47883,-0.370331,0.333597
3704.41,-0.47883,-0.370331,0.333597
3712.48,-0.47883,-0.370331,0.333597
3720.64,-0.47883,-0.370331,0.333597
3728.82,-0.47883,-0.370331,0.333597
3736.93,-0.47883,-0.370331,0.333597
3745.08,-0.47883,-0.370331,0.333597
3753.27,-0.47883,-0.370331,0.333597
3761.66,-0.47883,-0.370331,0.333597
3769.85,-0.47883,-0.370331,0.333597
3778.28,-0.47883,-0.370331,0.333597
3786.87,-0.47883,-0.370331,0.333597
3795.42,-0.47883,-0.370331,0.333597
3803.51,-0.47883,-0.370331,0.333597
3811.6,-0.47883,-0.370331,0.333597
3819.68,-0.47883,-0.370331,0.333597
3827.78,-0.47883,-0.370331,0.333597
3836.22,-0.47883,-0.370331,0.333597
3844.82,-0.47883,-0.370331,0.333597
3853.04,-0.47883,-0.370331,0.333597
3861.64,-0.47883,-0.370331,0.333597
3870.24,-0.47883,-0.370331,0.333597
3878.54,-0.47883,-0.370331,0.333597
3887,-0.47883,-0.370331,0.333597
3895.59,-0.47883,-0.370331,0.333597
3904.19,-0.47883,-0.370331,0.333597
3912.36,-0.47883,-0.370331,0.333597
3920.51,-0.47883,-0.370331,0.333597
3929.11,-0.47883,-0.370331,0.333597
3937.54,-0.47883,-0.370331,0.333597
3945.95,-0.47883,-0.370331,0.333597
3954.54,-0.47883,-0.370331,0.333597
3962.92,-0.47883,-0.370331,0.333597
3971.52,-0.47883,-0.370331,0.333597
3979.68,-0.47883,-0.370331,0.333597
3988.28,-0.47883,-0.370331,0.333597
3996.38,-0.47883,-0.370331,0.333597
4004.46,-0.47883,-0.370331,0.333597
4012.52,-0.47883,-0.370331,0.333597
4020.58,-0.47883,-0.370331,0.333597
4028.65,-0.47883,-0.370331,0.333597
4036.71,-0.47883,-0.370331,0.333597
4044.77,-0.47883,-0.370331,0.333597
4052.86,-0.47883,-0.370331,0.333597
4060.93,-0.47883,-0.370331,0.333597
4068.99,-0.47883,-0.370331,0.333597
4077.08,-0.47883,-0.370331,0.333597
4085.14,-0.47883,-0.370331,0.333597
4093.63,-0.47883,-0.370331,0.333597
4102.14,-0.47883,-0.370331,0.333597
4110.35,-0.47883,-0.370331,0.333597
4118.8,-0.47883,-0.370331,0.333597
4127.26,-0.47883,-0.370331,0.333597
4135.63,-0.47883,-0.370331,0.333597
4143.72,-0.47883,-0.370331,0.333597
4151.84,-0.47883,-0.370331,0.333597
4160.01,-0.47883,-0.370331,0.333597
4168.17,-0.47883,-0.370331,0.333597
4176.5,-0.47883,-0.370331,0.333597
4184.61,-0.47883,-0.370331,0.333597
4193.21,-0.47883,-0.370331,0.333597
4201.56,-0.47883,-0.370331,0.333597
4210.17,-0.47883,-0.370331,0.333597
4218.77,-0.47883,-0.370331,0.333597
4227.37,-0.47883,-0.370331,0.333597
4235.97,-0.47883,-0.370331,0.333597
4244.63,-0.47883,-0.370331,0.333597
4252.99,-0.47883,-0.370331,0.333597
4261.12,-0.47883,-0.370331,0.333597
4269.29,-0.47883,-0.370331,0.333597
4277.8,-0.47883,-0.370331,0.333597
4286.39,-0.47883,-0.370331,0.333597
4294.99,-0.47883,-0.370331,0.333597
4303.46,-0.47883,-0.370331,0.333597
4312.05,-0.47883,-0.370331,0.333597
4320.69,-0.47883,-0.370331,0.333597
4329.29,-0.47883,-0.370331,0.333597
4337.61,-0.47883,-0.370331,0.333597
4346.03,-0.47883,-0.370331,0.333597
4354.51,-0.47883,-0.370331,0.333597
4363.11,-0.47883,-0.370331,0.333597
4371.27,-0.47883,-0.370331,0.333597
4379.87,-0.47883,-0.370331,0.333597
4388.04,-0.47883,-0.370331,0.333597
4396.3,-0.47883,-0.370331,0.333597
4404.45,-0.47883,-0.370331,0.333597
4412.58,-0.47883,-0.370331,0.333597
4420.67,-0.47883,-0.370331,0.333597
4428.83,-0.47883,-0.370331,0.333597
4437.43,-0.47883,-0.370331,0.333597
4446.02,-0.47883,-0.370331,0.333597
4454.62,-0.47883,-0.370331,0.333597
4463.07,-0.47883,-0.370331,0.333597
4471.67,-0.47883,-0.370331,0.333597
4480.09,-0.47883,-0.370331,0.333597
4488.69,-0.47883,-0.370331,0.333597
4497.06,-0.47883,-0.370331,0.333597
4505.16,-0.47883,-0.370331,0.333597
4513.56,-0.47883,-0.370331,0.333597
4521.72,-0.47883,-0.370331,0.333597
4530.31,-0.47883,-0.370331,0.333597
4538.72,-0.47883,-0.370331,0.333597
4547.26,-0.47883,-0.370331,0.333597
4555.71,-0.47883,-0.370331,0.333597
4564.02,-0.47883,-0.370331,0.333597
4572.35,-0.47883,-0.370331,0.333597
4580.49,-0.47883,-0.370331,0.333597
4589.05,-0.47883,-0.370331,0.333597
4597.65,-0.47883,-0.370331,0.333597
4606.24,-0.47883,-0.370331,0.333597
4614.84,-0.47883,-0.370331,0.333597
4623.23,-0.47883,-0.370331,0.333597
4631.86,-0.47883,-0.370331,0.333597
4639.96,-0.47883,-0.370331,0.333597
4648.24,-0.47883,-0.370331,0.333597
4656.42,-0.47883,-0.370331,0.333597
4664.63,-0.47883,-0.370331,0.333597
4673.23,-0.47883,-0.370331,0.333597
4681.52,-0.47883,-0.370331,0.333597
4690.12,-0.47883,-0.370331,0.333597
4698.59,-0.47883,-0.370331,0.333597
4707.06,-0.47883,-0.370331,0.333597
4715.5,-0.47883,-0.370331,0.333597
4723.59,-0.47883,-0.370331,0.333597
4732.04,-0.47883,-0.370331,0.333597
4740.34,-0.47883,-0.370331,0.333597
4748.68,-0.47883,-0.370331,0.333597
4757.27,-0.47883,-0.370331,0.333597
4765.6,-0.47883,-0.370331,0.333597
4774.2,-0.47883,-0.370331,0.333597
4782.62,-0.47883,-0.370331,0.333597
4791.22,-0.47883,-0.370331,0.333597
4799.82,-0.47883,-0.370331,0.333597
4808.33,-0.47883,-0.370331,0.333597
4816.92,-0.47883,-0.370331,0.333597
4825.1,-0.47883,-0.370331,0.333597
4833.69,-0.47883,-0.370331,0.333597
4842.29,-0.47883,-0.370331,0.333597
4850.89,-0.47883,-0.370331,0.333597
4859.49,-0.47883,-0.370331,0.333597
4867.67,-0.47883,-0.370331,0.333597
4876.27,-0.47883,-0.370331,0.333597
4884.78,-0.47883,-0.370331,0.333597
4893.36,-0.47883,-0.370331,0.333597
4901.77,-0.47883,-0.370331,0.333597
4910.16,-0.47883,-0.370331,0.333597
4918.34,-0.47883,-0.370331,0.333597
4926.87,-0.47883,-0.370331,0.333597
4935.46,-0.47883,-0.370331,0.333597
4943.6,-0.47883,-0.370331,0.333597
4951.69,-0.47883,-0.370331,0.333597
4959.78,-0.47883,-0.370331,0.333597
4967.88,-0.47883,-0.370331,0.333597
4976.06,-0.47883,-0.370331,0.333597
4984.2,-0.47883,-0.370331,0.333597
4992.28,-0.47883,-0.370331,0.333597
5000.38,-0.47883,-0.370331,0.333597
5008.45,-0.47883,-0.370331,0.333597
5016.51,-0.47883,-0.370331,0.333597
5024.6,-0.47883,-0.370331,0.333597
5032.71,-0.47883,-0.370331,0.333597
5040.78,-0.47883,-0.370331,0.333597
5048.84,-0.47883,-0.370331,0.333597
5056.9,-0.47883,-0.370331,0.333597
5064.97,-0.47883,-0.370331,0.333597
5073.04,-0.47883,-0.370331,0.333597
5081.14,-0.47883,-0.370331,0.333597
5089.23,-0.47883,-0.370331,0.333597
5097.68,-0.47883,-0.370331,0.333597
5105.9,-0.47883,-0.370331,0.333597
5114.06,-0.47883,-0.370331,0.333597
5122.2,-0.47883,-0.370331,0.333597
5130.56,-0.47883,-0.370331,0.333597
5138.7,-0.47883,-0.370331,0.333597
5147.22,-0.47883,-0.370331,0.333597
5155.72,-0.47883,-0.370331,0.333597
5163.88,-0.47883,-0.370331,0.333597
5172.47,-0.47883,-0.370331,0.333597
5181.04,-0.47883,-0.370331,0.333597
5189.2,-0.47883,-0.370331,0.333597
5197.37,-0.47883,-0.370331,0.333597
5205.77,-0.47883,-0.370331,0.333597
5214.35,-0.47883,-0.370331,0.333597
5222.94,-0.47883,-0.370331,0.333597
5231.22,-0.47883,-0.370331,0.333597
5239.59,-0.47883,-0.370331,0.333597
5247.74,-0.47883,-0.370331,0.333597
5256.32,-0.47883,-0.370331,0.333597
5264.55,-0.47883,-0.370331,0.333597
5272.92,-0.5,-0.5,0
5281.08,-0.410881,-0.369419,0.267314
5289.4,-0.410881,-0.369419,0.267314
5297.78,-0.478786,-0.37037,0.333541
5305.88,-0.478784,-0.370361,0.333546
5314.43,-0.478828,-0.370361,0.333594
5322.95,-0.478788,-0.370349,0.333529
5331.31,-0.478825,-0.370333,0.33358
5339.39,-0.478809,-0.370344,0.333574
5347.62,-0.478809,-0.370344,0.333574
5355.79,-0.478654,-0.370315,0.33375
5363.89,-0.478798,-0.370317,0.333585
5372.07,-0.478783,-0.370349,0.333523
5380.15,-0.478829,-0.370316,0.333583
5388.33,-0.478829,-0.370316,0.333583
5396.47,-0.47879,-0.370346,0.333581
5404.56,-0.478646,-0.370306,0.333768
5412.73,-0.478643,-0.370291,0.333759
5420.89,-0.478635,-0.370318,0.333753
5429.26,-0.478635,-0.370318,0.333753
5437.63,-0.478817,-0.37033,0.333576
5445.77,-0.478836,-0.370364,0.333588
5454.13,-0.478804,-0.370351,0.33353
5462.55,-0.478814,-0.370342,0.333572
5470.87,-0.478831,-0.370337,0.333619
5479.18,-0.478831,-0.370337,0.333619
5487.61,-0.478629,-0.370281,0.333784
5495.72,-0.478789,-0.370322,0.333548
5503.93,-0.478772,-0.370339,0.333542
5512.23,-0.478848,-0.370359,0.333598
5520.4,-0.478848,-0.370359,0.333598
5528.57,-0.478825,-0.370339,0.333593
5536.96,-0.478815,-0.370358,0.333579
5545.1,-0.478803,-0.370349,0.333586
5553.48,-0.478816,-0.370345,0.333598
5561.8,-0.478635,-0.370292,0.333706
5570.18,-0.478635,-0.370292,0.333706
5578.59,-0.478805,-0.370333,0.333555
5586.96,-0.478655,-0.37029,0.333759
5595.49,-0.478811,-0.370335,0.333622
5603.64,-0.478809,-0.370343,0.333575
5611.74,-0.478822,-0.370338,0.333589
5619.92,-0.478822,-0.370338,0.333589
5628.01,-0.478844,-0.370348,0.333575
5636.11,-0.478847,-0.370359,0.333611
5644.29,-0.478801,-0.370362,0.333535
5652.46,-0.478843,-0.370359,0.333584
5660.6,-0.478843,-0.370359,0.333584
5668.96,-0.478803,-0.370334,0.333565
5677.23,-0.478779,-0.37037,0.333528
5685.62,-0.47879,-0.370346,0.333555
5694.04,-0.478784,-0.370381,0.33352
5702.44,-0.478812,-0.370358,0.333542
5710.57,-0.478824,-0.370363,0.333598
5718.97,-0.478824,-0.370363,0.333598
5727.34,-0.478765,-0.370353,0.333549
5735.7,-0.478764,-0.370357,0.333506
5743.81,-0.478819,-0.370332,0.333619
5751.98,-0.478845,-0.370338,0.33356
5760.07,-0.478806,-0.370358,0.333556
5768.38,-0.478806,-0.370358,0.333556
5776.55,-0.478783,-0.370353,0.333535
5784.72,-0.478821,-0.37034,0.333594
5793.1,-0.478805,-0.370346,0.333583
5801.45,-0.478624,-0.370294,0.333779
5809.91,-0.478624,-0.370294,0.333779
5818.31,-0.478649,-0.370307,0.333777
5826.57,-0.478649,-0.370334,0.333759
5834.88,-0.47885,-0.370324,0.333599
5843.29,-0.478813,-0.370338,0.333599
5851.39,-0.478806,-0.370348,0.333577
5859.71,-0.478806,-0.370348,0.333577
5868.01,-0.478637,-0.3703,0.333776
5876.11,-0.47878,-0.370365,0.333541
5884.25,-0.478824,-0.370315,0.333578
5892.59,-0.478836,-0.370369,0.333564
5900.69,-0.478831,-0.370341,0.333592
5909.14,-0.478831,-0.370341,0.333592
5917.56,-0.478807,-0.370345,0.333609
5925.84,-0.478751,-0.370328,0.33355
5934.21,-0.478793,-0.370314,0.333623
5942.73,-0.478658,-0.370294,0.33377
5951.01,-0.478842,-0.370349,0.333566
5959.55,-0.478842,-0.370349,0.333566
5967.71,-0.478853,-0.370315,0.333612
5975.81,-0.478795,-0.370358,0.33358
5983.92,-0.478829,-0.370332,0.333614
5992.1,-0.478808,-0.370314,0.333594
6000.22,-0.478794,-0.370341,0.333511
6008.29,-0.478794,-0.370341,0.333511
6016.35,-0.478827,-0.370345,0.333596
6024.41,-0.478804,-0.370339,0.333574
6032.48,-0.478814,-0.370307,0.333604
6040.54,-0.478803,-0.370359,0.333582
6048.61,-0.478803,-0.370359,0.333582
6056.67,-0.478798,-0.370354,0.333604
6064.74,-0.478808,-0.370337,0.333597
6072.81,-0.478835,-0.370328,0.333573
6080.91,-0.47869,-0.370311,0.333753
6088.98,-0.47869,-0.370311,0.333753
6097.2,-0.478622,-0.370323,0.33369
6105.34,-0.478664,-0.370272,0.333786
6113.76,-0.478824,-0.370329,0.33362
6122.16,-0.478805,-0.370351,0.333568
6130.25,-0.47869,-0.370311,0.333763
6138.64,-0.47869,-0.370311,0.333763
6146.96,-0.478809,-0.370331,0.333529
6155.52,-0.478643,-0.370319,0.333753
6163.6,-0.478648,-0.370311,0.333759
6171.76,-0.47878,-0.370319,0.333545
6180.02,-0.478603,-0.370313,0.333745
6188.21,-0.478603,-0.370313,0.333745
6196.39,-0.478814,-0.37036,0.333588
6204.52,-0.478777,-0.370363,0.333545
6212.61,-0.478808,-0.370355,0.33353
6220.74,-0.478789,-0.370332,0.333557
6228.84,-0.478789,-0.370332,0.333557
6237.23,-0.478675,-0.370309,0.33379
6245.35,-0.478829,-0.370357,0.33358
6253.68,-0.478798,-0.370372,0.33351
6261.77,-0.478796,-0.370343,0.333525
6270.01,-0.478823,-0.370332,0.333567
6278.21,-0.478823,-0.370332,0.333567
6286.6,-0.478783,-0.37038,0.333519
6295.11,-0.478802,-0.370354,0.333618
6303.54,-0.478795,-0.370351,0.333542
6311.69,-0.478858,-0.370351,0.333595
6319.78,-0.478858,-0.370351,0.333595
6328.05,-0.478834,-0.370356,0.33356
6336.22,-0.478822,-0.370357,0.333593
6344.39,-0.478843,-0.370346,0.333632
6352.73,-0.478815,-0.370323,0.333596
6361.08,-0.478764,-0.370381,0.333521
6369.24,-0.478764,-0.370381,0.333521
6377.71,-0.478807,-0.370345,0.333573
6385.87,-0.478663,-0.370324,0.333762
6394.29,-0.478833,-0.370351,0.33359
6402.81,-0.478833,-0.370327,0.333611
6410.91,-0.47881,-0.370351,0.333581
6419.33,-0.47881,-0.370351,0.333581
6427.41,-0.478808,-0.370314,0.333586
6435.5,-0.478808,-0.37034,0.333584
6443.7,-0.478829,-0.370344,0.333598
6451.96,-0.478806,-0.370358,0.333545
6460.13,-0.478806,-0.370358,0.333545
6468.32,-0.478834,-0.370324,0.333597
6476.61,-0.478807,-0.370324,0.333567
6485.01,-0.478767,-0.370343,0.333536
6493.28,-0.47884,-0.370318,0.333606
6501.36,-0.478672,-0.370286,0.333756
6509.68,-0.478672,-0.370286,0.333756
6518.04,-0.478683,-0.370314,0.333745
6526.14,-0.478841,-0.370343,0.333567
6534.46,-0.478812,-0.370366,0.333592
6542.86,-0.4788,-0.370351,0.33358
6550.96,-0.478831,-0.370323,0.333614
6559.04,-0.47877,-0.370369,0.333522
6567.11,-0.47877,-0.370369,0.333522
6575.39,-0.478802,-0.370345,0.333549
6583.58,-0.478625,-0.370309,0.333732
6591.74,-0.47883,-0.37034,0.333588
6599.82,-0.47883,-0.37034,0.333588
6607.99,-0.478817,-0.370322,0.333613
6616.07,-0.478823,-0.370368,0.333611
6624.21,-0.478636,-0.370309,0.333734
6632.34,-0.478763,-0.370359,0.333509
6640.46,-0.478609,-0.370291,0.333703
6648.59,-0.478609,-0.370291,0.333703
6656.71,-0.478768,-0.370337,0.333544
6664.84,-0.478639,-0.370281,0.333768
6672.95,-0.478815,-0.370318,0.333612
6681.07,-0.478807,-0.370318,0.333571
6689.42,-0.478807,-0.370318,0.333571
6697.49,-0.478832,-0.37035,0.333582
6705.56,-0.478848,-0.370352,0.333546
6713.96,-0.478811,-0.370342,0.333591
6722.1,-0.478655,-0.370307,0.333746
6730.23,-0.478831,-0.370357,0.333595
6738.49,-0.478831,-0.370357,0.333595
6746.65,-0.478648,-0.370323,0.333789
6755.05,-0.478812,-0.37035,0.333579
6763.5,-0.478807,-0.370353,0.333595
6771.64,-0.47881,-0.370357,0.333587
6780.14,-0.47881,-0.370357,0.333587
6788.32,-0.478827,-0.370352,0.333601
6796.49,-0.478792,-0.370333,0.333581
6804.61,-0.478795,-0.370369,0.333507
6812.75,-0.478803,-0.370355,0.333595
6820.83,-0.478679,-0.370274,0.333779
6829.08,-0.478679,-0.370274,0.333779
6837.25,-0.478832,-0.370358,0.33359
6845.64,-0.478678,-0.370301,0.333777
6854.05,-0.478822,-0.370334,0.333592
6862.43,-0.478615,-0.370311,0.333723
6870.56,-0.478796,-0.370366,0.333496
6878.83,-0.478796,-0.370366,0.333496
6887.14,-0.47884,-0.370354,0.333593
6895.58,-0.478829,-0.370361,0.333573
6903.73,-0.478631,-0.370304,0.333719
6911.91,-0.478659,-0.370307,0.333762
6920.1,-0.478659,-0.370307,0.333762
6928.27,-0.478811,-0.370326,0.333595
6936.57,-0.478793,-0.370325,0.333568
6944.92,-0.478822,-0.37035,0.333603
6953.29,-0.478641,-0.370287,0.333755
6961.6,-0.47884,-0.370364,0.3336
6970.07,-0.47884,-0.370364,0.3336
6978.48,-0.478828,-0.370377,0.333582
6986.82,-0.478797,-0.37036,0.333559
6994.92,-0.478784,-0.370359,0.33352
7003.01,-0.478815,-0.370329,0.333576
7011.1,-0.47879,-0.370354,0.333516
7019.19,-0.47879,-0.370354,0.333516
7027.27,-0.478807,-0.37034,0.333541
7035.34,-0.478816,-0.370342,0.333587
7043.41,-0.478809,-0.370354,0.333613
7051.47,-0.478793,-0.370324,0.333604
7059.54,-0.478793,-0.370324,0.333604
7067.6,-0.478611,-0.370325,0.333696
7075.66,-0.478834,-0.370339,0.333598
7083.74,-0.478811,-0.370329,0.33359
7091.81,-0.478832,-0.370331,0.333596
7099.87,-0.478832,-0.370331,0.333596
7107.95,-0.478818,-0.370357,0.333572
7116.22,-0.478569,-0.37046,0.333539
7124.47,-0.478757,-0.370333,0.33354
7132.72,-0.478776,-0.370326,0.333544
7141.08,-0.478805,-0.370355,0.333564
7149.3,-0.478805,-0.370355,0.333564
7157.5,-0.478814,-0.370339,0.333546
7165.66,-0.478662,-0.370306,0.333784
7174.07,-0.47882,-0.370351,0.333609
7182.45,-0.478738,-0.370504,0.333383
7190.56,-0.478738,-0.370504,0.333383
7198.74,-0.478812,-0.370338,0.333585
7207.04,-0.47879,-0.370346,0.333523
7215.47,-0.478833,-0.370342,0.333596
7223.63,-0.478799,-0.370331,0.333529
7231.8,-0.478797,-0.370343,0.333558
7240.03,-0.478797,-0.370343,0.333558
7248.43,-0.478819,-0.370335,0.333595
7256.7,-0.478824,-0.37034,0.333598
7264.8,-0.478827,-0.370376,0.333573
7273.18,-0.478804,-0.37035,0.333563
7281.28,-0.478785,-0.370334,0.333538
7289.65,-0.478785,-0.370334,0.333538
7298.09,-0.478761,-0.370338,0.333518
7306.23,-0.478808,-0.370342,0.33362
7314.58,-0.478792,-0.370351,0.333587
7322.99,-0.478764,-0.370358,0.333535
7331.17,-0.478665,-0.370312,0.33378
7339.76,-0.478665,-0.370312,0.33378
7348.03,-0.478834,-0.370361,0.333585
7356.18,-0.478795,-0.370345,0.333565
7364.49,-0.478801,-0.370349,0.333595
7372.77,-0.478841,-0.370324,0.333614
7380.86,-0.478664,-0.370303,0.333776
7389.28,-0.478664,-0.370303,0.333776
7397.44,-0.478824,-0.370327,0.333596
7405.58,-0.478812,-0.370333,0.333588
7413.76,-0.478671,-0.370321,0.333776
7422.11,-0.478808,-0.37036,0.333579
7430.25,-0.478808,-0.37036,0.333579
7438.39,-0.478768,-0.370361,0.333513
7446.63,-0.478671,-0.370299,0.333745
7454.78,-0.47883,-0.37035,0.333593
7463.18,-0.478798,-0.370367,0.33353
7471.36,-0.478818,-0.370343,0.333594
7479.52,-0.478818,-0.370343,0.333594
7487.79,-0.478643,-0.370326,0.333793
7495.93,-0.478833,-0.37034,0.333593
7504.22,-0.478802,-0.370371,0.333582
7512.57,-0.478809,-0.370355,0.333539
7520.67,-0.478816,-0.370333,0.333593
7529.05,-0.478816,-0.370333,0.333593
7537.21,-0.478778,-0.370357,0.333493
7545.55,-0.478821,-0.370366,0.33358
7553.96,-0.478796,-0.370355,0.333567
7562.34,-0.478831,-0.370342,0.333606
7570.49,-0.478831,-0.370342,0.333606
7578.89,-0.478767,-0.370376,0.333514
7587.28,-0.478795,-0.370347,0.333546
7595.45,-0.478659,-0.370312,0.333782
7603.6,-0.478827,-0.370333,0.333611
7611.87,-0.478807,-0.370337,0.333571
7620.16,-0.478807,-0.370337,0.333571
7628.33,-0.478776,-0.370336,0.333531
7636.62,-0.478826,-0.37034,0.333602
7644.97,-0.478834,-0.370313,0.333609
7653.14,-0.478633,-0.370305,0.333768
7661.31,-0.478824,-0.370338,0.333584
7669.78,-0.478824,-0.370338,0.333584
7678.13,-0.478814,-0.37033,0.333572
7686.27,-0.47882,-0.370323,0.333604
7694.49,-0.478797,-0.370334,0.333556
7702.61,-0.478833,-0.370333,0.333591
7710.71,-0.478617,-0.370292,0.333727
7718.89,-0.478617,-0.370292,0.333727
7727.02,-0.478808,-0.370351,0.333599
7735.58,-0.478789,-0.37035,0.333577
7743.67,-0.478825,-0.370328,0.3336
7751.91,-0.478764,-0.370498,0.333374
7760.04,-0.478764,-0.370498,0.333374
7768.37,-0.478836,-0.370348,0.333583
7776.51,-0.478854,-0.370342,0.333604
7784.86,-0.478613,-0.37034,0.333681
7793.25,-0.478811,-0.370347,0.333592
7801.57,-0.478792,-0.370323,0.333555
7810.16,-0.478792,-0.370323,0.333555
7818.58,-0.478755,-0.37036,0.333509
7826.92,-0.478792,-0.370354,0.333513
7835.28,-0.478682,-0.370266,0.333791
7843.7,-0.47884,-0.370345,0.333607
7851.96,-0.478647,-0.370305,0.333763
7860.06,-0.47879,-0.370342,0.333564
7868.24,-0.47879,-0.370342,0.333564
7876.68,-0.478662,-0.370323,0.333777
7884.82,-0.478849,-0.370326,0.333617
7893.2,-0.478813,-0.370361,0.333562
7901.53,-0.478674,-0.370308,0.333773
7910,-0.478674,-0.370308,0.333773
7918.37,-0.478844,-0.37034,0.333636
7926.55,-0.478783,-0.370367,0.333532
7935.06,-0.478629,-0.370306,0.33379
7943.6,-0.478822,-0.370355,0.333608
7951.87,-0.478828,-0.37035,0.333595
7960.19,-0.478828,-0.37035,0.333595
7968.52,-0.478654,-0.370295,0.333739
7976.83,-0.478792,-0.370337,0.333597
7985.17,-0.47883,-0.370369,0.333571
7993.31,-0.478815,-0.370318,0.333582
8001.44,-0.478804,-0.370327,0.33359
8009.51,-0.478804,-0.370327,0.33359
8017.57,-0.478807,-0.37036,0.333534
8025.63,-0.47881,-0.370341,0.333575
8033.7,-0.478836,-0.370357,0.333587
8041.88,-0.478805,-0.370333,0.333596
8049.94,-0.478805,-0.370333,0.333596
8058.01,-0.478804,-0.370355,0.333553
8066.07,-0.478749,-0.370389,0.333538
8074.17,-0.478827,-0.370345,0.333572
8082.23,-0.478814,-0.370344,0.333586
8090.3,-0.478657,-0.370311,0.333761
8098.81,-0.478657,-0.370311,0.333761
8107.33,-0.478811,-0.370334,0.333574
8115.45,-0.478808,-0.37032,0.333595
8123.74,-0.478807,-0.370334,0.333583
8131.81,-0.478812,-0.370323,0.333541
8139.89,-0.478812,-0.370323,0.333541
8148.06,-0.478642,-0.370328,0.333704
8156.18,-0.478813,-0.370358,0.333576
8164.36,-0.478802,-0.370337,0.333597
8172.52,-0.478658,-0.370297,0.33379
8180.61,-0.4788,-0.370323,0.333622
8188.85,-0.4788,-0.370323,0.333622
8197.02,-0.478841,-0.370364,0.333606
8205.26,-0.478652,-0.37029,0.333793
8213.68,-0.478779,-0.370353,0.333524
8221.85,-0.47883,-0.370332,0.333608
8230.25,-0.47883,-0.370332,0.333608
8238.64,-0.478818,-0.370325,0.33361
8246.82,-0.478813,-0.370344,0.3336
8254.91,-0.478629,-0.370304,0.333729
8263.34,-0.478655,-0.370284,0.333803
8271.5,-0.478817,-0.370355,0.333588
8279.82,-0.478817,-0.370355,0.333588
8288.26,-0.478657,-0.370322,0.333781
8296.36,-0.478661,-0.370325,0.333799
8304.73,-0.478605,-0.370325,0.333724
8313.12,-0.478747,-0.370356,0.333503
8321.46,-0.478644,-0.370321,0.333739
8329.84,-0.478644,-0.370321,0.333739
8338.02,-0.478768,-0.370335,0.333518
8346.16,-0.478795,-0.370366,0.333565
8354.64,-0.478783,-0.370345,0.333538
8363.05,-0.478818,-0.370327,0.333633
8371.22,-0.478795,-0.370321,0.333574
8379.68,-0.478795,-0.370321,0.333574
8387.86,-0.478823,-0.370342,0.3336
8395.96,-0.478785,-0.370361,0.333519
8404.13,-0.478839,-0.370336,0.333597
8412.31,-0.478813,-0.370344,0.3336
8420.41,-0.478834,-0.370313,0.333621
8428.73,-0.478834,-0.370313,0.333621
8437.08,-0.478662,-0.370307,0.333774
8445.47,-0.47869,-0.370479,0.333331
8453.88,-0.47861,-0.370323,0.33371
8462.25,-0.478805,-0.370337,0.333587
8470.6,-0.478805,-0.370337,0.333587
8479.1,-0.478633,-0.370328,0.333713
8487.33,-0.478662,-0.3703,0.333787
8495.42,-0.478644,-0.370324,0.333768
8503.62,-0.478828,-0.370336,0.333625
8511.8,-0.478803,-0.370369,0.333579
8519.9,-0.478803,-0.370369,0.333579
8528.09,-0.478657,-0.370319,0.333742
8536.23,-0.478844,-0.370331,0.333571
8544.55,-0.478776,-0.37033,0.333538
8552.9,-0.478668,-0.370324,0.333776
8561.16,-0.478824,-0.370341,0.333587
8569.61,-0.478824,-0.370341,0.333587
8578,-0.478639,-0.370272,0.333778
8586.11,-0.478842,-0.370298,0.333594
8594.55,-0.478805,-0.370355,0.33358
8602.96,-0.478773,-0.370326,0.333538
8611.09,-0.478817,-0.370353,0.333617
8619.62,-0.478817,-0.370353,0.333617
8627.77,-0.478668,-0.370317,0.333805
8635.86,-0.478801,-0.370361,0.333581
8644.14,-0.478833,-0.370315,0.333607
8652.22,-0.478799,-0.37033,0.333545
8660.36,-0.478799,-0.37033,0.333545
8668.68,-0.478785,-0.370346,0.333575
8677,-0.478809,-0.370343,0.3336
8685.4,-0.478822,-0.370327,0.333618
8693.81,-0.478794,-0.370328,0.333581
8702.16,-0.478803,-0.370359,0.333576
8710.3,-0.478803,-0.370359,0.333576
8718.7,-0.478823,-0.370352,0.333589
8726.98,-0.478821,-0.370351,0.333568
8735.51,-0.478778,-0.370362,0.33354
8743.62,-0.478616,-0.3703,0.333702
8751.78,-0.478768,-0.370369,0.33356
8760.04,-0.478768,-0.370369,0.33356
8768.35,-0.47861,-0.370292,0.333711
8776.7,-0.478856,-0.370338,0.333588
8785.06,-0.478653,-0.37032,0.333778
8793.45,-0.478628,-0.370319,0.333729
8801.77,-0.478796,-0.370347,0.333584
8810.21,-0.478796,-0.370347,0.333584
8818.57,-0.478811,-0.370348,0.333596
8826.85,-0.478808,-0.370304,0.333609
8835.22,-0.478635,-0.370332,0.333714
8843.61,-0.478799,-0.37036,0.333578
8851.71,-0.478634,-0.370307,0.333701
8860,-0.478629,-0.370322,0.333744
8868.59,-0.478629,-0.370322,0.333744
8876.77,-0.478764,-0.370365,0.333532
8884.87,-0.47881,-0.370357,0.333611
8893.25,-0.478645,-0.370295,0.333767
8901.65,-0.478785,-0.370352,0.333581
8909.99,-0.478645,-0.370278,0.333784
8918.42,-0.478645,-0.370278,0.333784
8926.81,-0.478804,-0.370353,0.333578
8934.96,-0.478812,-0.370337,0.333619
8943.39,-0.478831,-0.370336,0.333605
8951.6,-0.478629,-0.370306,0.333772
8959.72,-0.478814,-0.370328,0.333584
8968.02,-0.478814,-0.370328,0.333584
8976.2,-0.478754,-0.370481,0.333392
8984.48,-0.478806,-0.370346,0.333596
8993.01,-0.478768,-0.370304,0.333562
9001.14,-0.478785,-0.37035,0.333545
9009.22,-0.478816,-0.370307,0.333596
9017.3,-0.478816,-0.370307,0.333596
9025.38,-0.478774,-0.370358,0.333519
9033.45,-0.478822,-0.370364,0.333614
9041.58,-0.4788,-0.37036,0.333585
9049.65,-0.478806,-0.370352,0.333584
9057.74,-0.478806,-0.370352,0.333584
9065.8,-0.478736,-0.370472,0.333401
9073.85,-0.478811,-0.370331,0.333576
9081.92,-0.478753,-0.370329,0.333538
9089.98,-0.478812,-0.370299,0.333599
9098.05,-0.478812,-0.370299,0.333599
9106.25,-0.478857,-0.370336,0.333611
9114.46,-0.478628,-0.370312,0.333726
9122.93,-0.478662,-0.370304,0.333771
9131.15,-0.478676,-0.370276,0.333786
9139.6,-0.478676,-0.370276,0.333786
9147.78,-0.478621,-0.370303,0.333749
9155.94,-0.478776,-0.370356,0.333551
9164.11,-0.478775,-0.370319,0.333534
9172.28,-0.478657,-0.370289,0.333794
9180.41,-0.478657,-0.370289,0.333794
9188.76,-0.478783,-0.370328,0.333536
9196.93,-0.478663,-0.370313,0.333754
9205.06,-0.478774,-0.370333,0.333547
9213.2,-0.478642,-0.370293,0.333791
9221.37,-0.478778,-0.370361,0.333539
9229.54,-0.478778,-0.370361,0.333539
9237.88,-0.478834,-0.370337,0.333604
9246.25,-0.478849,-0.370339,0.333597
9254.47,-0.478617,-0.370333,0.333713
9262.86,-0.478816,-0.370311,0.333576
9271.03,-0.478801,-0.370353,0.333595
9279.14,-0.478801,-0.370353,0.333595
9287.52,-0.478818,-0.370353,0.333593
9295.61,-0.478821,-0.370365,0.33358
9303.76,-0.478638,-0.370299,0.333774
9311.94,-0.478646,-0.370284,0.33381
9320.11,-0.478646,-0.370284,0.33381
9328.28,-0.478643,-0.370318,0.333786
9336.45,-0.478819,-0.370348,0.333586
9344.79,-0.478758,-0.370364,0.33351
9353.16,-0.478812,-0.370317,0.333616
9361.49,-0.478831,-0.370334,0.333606
9369.96,-0.478831,-0.370334,0.333606
9378.35,-0.478816,-0.370353,0.333598
9386.52,-0.478593,-0.370288,0.333705
9394.93,-0.478826,-0.370336,0.333567
9403.36,-0.478826,-0.370357,0.333593
9411.48,-0.478816,-0.370362,0.333609
9419.56,-0.478816,-0.370362,0.333609
9427.68,-0.478815,-0.370331,0.333607
9435.76,-0.478779,-0.370344,0.333551
9443.86,-0.478794,-0.370317,0.333585
9452.03,-0.478761,-0.370357,0.333519
9460.15,-0.478761,-0.370357,0.333519
9468.32,-0.478819,-0.370357,0.333583
9476.49,-0.478766,-0.370381,0.333532
9484.6,-0.478659,-0.370308,0.333794
9492.77,-0.478643,-0.370288,0.33376
9500.85,-0.478813,-0.370339,0.333613
9509.22,-0.478813,-0.370339,0.333613
9517.53,-0.47877,-0.370331,0.33353
9525.93,-0.47881,-0.370329,0.333594
9534.36,-0.478818,-0.370368,0.333567
9542.75,-0.478784,-0.370503,0.333404
9550.89,-0.478603,-0.370314,0.333691
9559.32,-0.478603,-0.370314,0.333691
9567.5,-0.478815,-0.370344,0.333574
9575.72,-0.478811,-0.370353,0.333585
9583.89,-0.478654,-0.370315,0.333773
9592.06,-0.478779,-0.370343,0.333522
9600.52,-0.478779,-0.370343,0.333522
9608.88,-0.478823,-0.37031,0.333576
9617.03,-0.478842,-0.370355,0.333589
9625.41,-0.478789,-0.370339,0.333581
9633.81,-0.478624,-0.37031,0.333769
9642.17,-0.478811,-0.370357,0.33361
9650.68,-0.478811,-0.370357,0.33361
9658.85,-0.478809,-0.370345,0.333607
9667.02,-0.478755,-0.370329,0.333506
9675.56,-0.478824,-0.370341,0.333599
9683.66,-0.478803,-0.370329,0.333584
9691.82,-0.478788,-0.370348,0.3336
9700,-0.478788,-0.370348,0.3336
9708.17,-0.478787,-0.370371,0.333555
9716.31,-0.478828,-0.370361,0.333586
9724.49,-0.478805,-0.370378,0.333535
9732.66,-0.478837,-0.370332,0.3336
9740.75,-0.478612,-0.370278,0.333704
9748.92,-0.478612,-0.370278,0.333704
9757.05,-0.478627,-0.370306,0.333714
9765.22,-0.478649,-0.370315,0.333784
9773.52,-0.478801,-0.370334,0.333597
9781.76,-0.478826,-0.370338,0.333602
9790.07,-0.478819,-0.370325,0.333588
9798.48,-0.478819,-0.370325,0.333588
9806.66,-0.478816,-0.370323,0.333574
9814.92,-0.478788,-0.37035,0.333585
9823.3,-0.478797,-0.370341,0.333572
9831.37,-0.47881,-0.370327,0.333595
9839.69,-0.47881,-0.370327,0.333595
9847.97,-0.478671,-0.370285,0.333753
9856.21,-0.478799,-0.37035,0.333539
9864.53,-0.478832,-0.370322,0.333602
9872.89,-0.478795,-0.370337,0.333591
9881.13,-0.47865,-0.370291,0.333778
9889.63,-0.47865,-0.370291,0.333778
9898.01,-0.478593,-0.370326,0.333726
9906.15,-0.478802,-0.370379,0.333573
9914.67,-0.478811,-0.37035,0.333594
9923.09,-0.478836,-0.370353,0.333594
9931.27,-0.478787,-0.370344,0.333556
9939.74,-0.478787,-0.370344,0.333556
9947.94,-0.478804,-0.370324,0.333622
9956.06,-0.478653,-0.370306,0.333724
9964.24,-0.478817,-0.370358,0.333574
9972.55,-0.478669,-0.370303,0.33374
9980.69,-0.478669,-0.370303,0.33374
9988.79,-0.478833,-0.370366,0.333578